X;Y;osm_id;type;name;operator;emergency;wheelchair;opening_hours;ref_finess;type_finess;ref_naf;capacity;for_public;ref_siret;phone;com_insee;com_nom
-1.4103556;47.083278200144;node/1027975231;pharmacy;Pharmacie Le Forestier;;;;;440014694;;;;;;+33 2 40 06 61 05;44002;Aigrefeuille-sur-Maine
-1.576855;47.248299200109;node/1029532011;pharmacy;Pharmacie Chauffaille Baron;;;;"Mo 09:30-12:30,14:15-19:30; Tu-Fr 09:00-12:30,14:15-19:30; Sa 09:00-12:30,14:30-18:30; Jul-Aug Sa 09:00-12:30,14:30-17:30";440014058;;;;;;+33 2 40 76 60 71;44109;Nantes
-1.7293008;47.211043000117;node/1034073341;pharmacy;Pharmacien Chaminant;;;no;;440015287;;;;;;+33 2 40 86 10 44;44047;Couëron
-1.7261882;47.211315000117;node/1034073460;pharmacy;Pharmacie Centrale;;;;;440015329;;;;;;;44047;Couëron
-1.5676618;47.2594167001066;node/1037410551;pharmacy;Pharmacie Santos-Dumont;Mme Maurin;;;"Mo-Fr 09:00-12:30,14:30-19:00; Sa 09:00-12:30,14:30-17:00";440013902;;;;;;;44109;Nantes
-1.5483711;47.2207634001149;node/1087252651;pharmacy;Pharmacie Saint-Clément;;;;"Mo 10:30-12:30,14:15-19:15; Tu-Fr 09:00-12:30,14:15-19:15; Sa 09:00-12:30,14:15-17:30";440013860;;;;;;+33 2 40 74 07 15;44109;Nantes
-1.6865485;47.1435710001314;node/1112937942;pharmacy;Pharmacie Morvan;;;;"Mo-Fr 09:00-12:00, 14:30-19:45";440014942;;;;;;;44018;Bouaye
-1.5701805;47.1915527001212;node/1139062332;pharmacy;Pharmacie Turban;;;no;"Mo-Fr 09:00-12:30,14:30-19:00; Sa 09:00-12:30";440016210;;;;;;;44143;Rezé
-1.5536838;47.2046900001184;node/1159070792;doctors;;;;;;;;;;;;;44109;Nantes
-1.6055211;47.3657786000835;node/1161742748;pharmacy;Pharmacie Ouvrard-Masson;;;;;440015451;;;;;;;44066;Grandchamp-des-Fontaines
-1.55645;47.2056800001182;node/1205936543;doctors;;;;;;;;;;;;;44109;Nantes
-1.6115859;47.2260120001138;node/1328716120;hospital;I.R.M. de l'Atlantique;;;;;;;;;;;;44162;Saint-Herblain
-1.5940029;47.2524315001081;node/1336865114;pharmacy;Pharmacie du Petit Chantilly;;;;;440015840;;;;;;;44114;Orvault
-1.7246803;47.2141526001163;node/1341463440;pharmacy;Pharmacie Maupetit;;;;;440015303;;;;;;;44047;Couëron
-1.5912385;47.2404074001107;node/1343023910;pharmacy;Pharmacie Plaisance;;;;"Mo-Fr 09:00-12:30,14:00-19:30; Sa 09:00-12:30,14:00-19:00";440015832;;;;;;+33 2 40 76 65 01;44114;Orvault
-1.5892109;47.2460796001095;node/1354149364;doctors;Bercegeay Pascal;;;;;;;;;;;+33 2 51 83 81 11;44114;Orvault
-1.4946773;47.2974350000984;node/1369021894;pharmacy;Pharmacie des Rainettes;;;;"Mo-Fr 09:00-12:30,14:00-19:30; Sa 09:00-12:30,14:00-19:00";440015055;;;;;;+33 2 40 50 88 18;44026;Carquefou
-1.5576554;47.2143432001163;node/1369038955;pharmacy;Pharmacie de Paris;;;yes;"Mo-Sa 8:30-19:30; Su off";440014405;;;;;;+33 2 40 48 64 48;44109;Nantes
-1.5472576;47.1904152001214;node/1398758947;pharmacy;Pharmacie Pont Rousseau;Moreau;;;"du lundi au samedi : 09:00 à 12:30; 14:00 à 19:30";440016251;;;;;;;44143;Rezé
-1.5553725;47.229785100113;node/1494595486;pharmacy;Pharmacie Saint-Félix;;;;"Mo-Fr 08:45-12:45,14:15-20:00; Sa 08:45-12:45,15:00-18:00";440014140;;;;;;+33 2 40 74 25 06;44109;Nantes
-1.7937659;47.4125721000731;node/1521925686;pharmacy;;;;;;440015394;;;;;;+33 2 40 87 41 41;44056;Fay-de-Bretagne
-1.5522935;47.2197361001151;node/1560160070;doctors;Cabinet médical;;;;;;;;;;;;44109;Nantes
-1.5672482;47.2146221001162;node/1564397561;pharmacy;Pharmacie Even;;;;"Mo-Fr 09:00-12:30,14:00-19:30; Sa 09:00-12:00";440013944;;;;;;;44109;Nantes
-1.5770079;47.2244396001141;node/1572750829;pharmacy;Pharmacie Selo;;;;"Mo-Fr 08:30-20:00; Sa 09:00-19:00";440013704;;;;;;+33 2 40 76 01 14;44109;Nantes
-1.5721375;47.2243093001142;node/1572767919;hospital;Clinique Sourdille;;;;;440000651;128;;;;;;44109;Nantes
-1.6061006;47.2050710001183;node/1573880614;pharmacy;Pharmacie des Lauriers;;;;Mo-Fr 09:00-18:00;440013886;;;;;;;44109;Nantes
-1.5193805;47.2592058001067;node/1574437667;pharmacy;Pharmacie de la Beaujoire;;;yes;"Mo-Fr 08:45-19:30; Sa 08:45-12:30, 14:00-19:00";440014025;;;;;;+33 2 40 30 35 11;44109;Nantes
-1.547049;47.2352561001118;node/1596626035;pharmacy;Pharmacie de la Tortière;;;yes;"Mo-Fr 08:45-12:45,14:00-20:00; Sa 08:45-12:45,14:00-19:30";440014173;;;;;;+33 2 40 74 77 41;44109;Nantes
-1.530709;47.2221631001146;node/1619037913;pharmacy;Pharmacie Dalby;;;;"Mo-Sa 09:00-13:00, Mo-Fr 14:00-20:00, Sa 14:00-19:00";440014199;;;;;;+33 2 40 74 10 22;44109;Nantes
-1.5296732;47.224949800114;node/1619038944;pharmacy;Pharmacie Raguideau;;;;;440014207;;;;;;+33 2 40 49 32 36;44109;Nantes
-1.5423538;47.2272125001135;node/1619956290;pharmacy;Pharmacie des Enfants Nantais;;;yes;"Mo-Sa 09:00-12:30, Mo-Fr 14:00-20:00, Sa 14:00-19:00";440013746;;;;;;+33 2 40 74 04 40;44109;Nantes
-1.5843839;47.2360867001116;node/1658119028;pharmacy;Pharmacie Besnier;;;limited;"Mo 14:00-19:30; Tu-Fr 09:00-12:30,14:00-19:30; Sa 09:00-12:30,14:00-18:00";440016541;;;;;;;44162;Saint-Herblain
-1.5307593;47.1478808001304;node/1670959638;pharmacy;Pharmacie Delaire;;;;;440017192;;;;;;;44198;Les Sorinières
-1.483589;47.2510136001084;node/1675722955;pharmacy;Pharmacie Misler;;;;;440016673;;;;;;;44172;Sainte-Luce-sur-Loire
-1.483479;47.2503381001086;node/1675855803;doctors;Docteurs Dietlin et Robine Médecins généralistes;;yes;;;;;;;;;;44172;Sainte-Luce-sur-Loire
-1.5488388;47.1917895001211;node/1683389105;doctors;Centre de Santé - Médecine douce;;;;;;;;;;;;44143;Rezé
-1.5497492;47.1912937001212;node/1683389167;doctors;Centre de Santé;;;;;;;;;;;;44143;Rezé
-1.549442;47.1912470001212;node/1683389199;doctors;Centre de Santé;;;;;;;;;;;;44143;Rezé
-1.5496533;47.1910976001213;node/1683389202;doctors;Centre de Santé;;;;;;;;;;;;44143;Rezé
-1.5502903;47.1904732001214;node/1683389245;doctors;Centre de Santé Atrium;;;;;;;;;;;;44143;Rezé
-1.7652949;47.4741943000594;node/1693220051;pharmacy;Pharmacie Descamps-Lafaille;;;;;440014934;;;;;;;44015;Blain
-1.7249729;47.1950270001204;node/1707992345;doctors;;;;;;;;;;;;;44166;Saint-Jean-de-Boiseau
-1.6223674;47.3297895000913;node/1746783334;pharmacy;Pharmacie de la Mairie;;;;;440017275;;;;;;+33 2 40 94 61 71;44209;Treillières
-1.5876726;47.1801266001236;node/1747772978;doctors;Cabinet médical;;;;;;;;;;;;44020;Bouguenais
-1.5119197;47.05431800015;node/1769323805;pharmacy;Pharmacie Cochard;;;;;440015428;;;;;;;44223;Geneston
-1.4913884;47.2980354000983;node/1785299402;pharmacy;Pharmacie Giphar;;;;;440024206;;;;;;;44026;Carquefou
-1.4968587;47.2925997000994;node/1792423603;pharmacy;Pharmacie Benoit;;;;;440032175;;;;;;;44026;Carquefou
-1.5358566;47.1777944001241;node/1793084699;doctors;Cabinet Médical;;;yes;;;;;;;;;44143;Rezé
-1.5874122;47.2358007001117;node/1794983171;doctors;Cabinet de radiologie Beauséjour;;;;;;;;;;;+33 2 40 94 36 36;44162;Saint-Herblain
-1.2492685;47.0754518001456;node/1812560360;pharmacy;Pharmacie Geant Guillot;;;;;440015436;;;;;;;44063;Gétigné
-1.5546841;47.2955899000988;node/1813037998;pharmacy;Pharmacie Malherre;;;;"Mo-Sa 08:30-20:00, Sa 19:00+ off";440024172;;;;;40132227600031;+33 2 40 72 00 05;44035;La Chapelle-sur-Erdre
-1.8632256;47.3573508000853;node/1816678026;pharmacy;;;;;;440015667;;;;;;;44089;Malville
-1.2827098;47.088070400143;node/1818881214;pharmacy;Pharmacie Méneux;;;yes;;440015246;;;;;;;44043;Clisson
-1.3325247;46.9709502001672;node/1839071826;pharmacy;Pharmacie Brieau;;;;;850006255;;;;;;+33 2 51 48 82 39;85146;Montaigu-Vendée
-1.6707061;47.2660375001052;node/1841722922;doctors;Groupe médical de la Vallée;;;;;;;;;;;;44194;Sautron
-1.6922409;47.1438394001313;node/1874210815;pharmacy;;;;;;440014959;;;;;;;44018;Bouaye
-1.3365556;47.1409790001319;node/1874518536;hospital;Centre médical;;no;;;;;;;;;;44117;Le Pallet
-1.5795405;47.2160256001159;node/1950309259;pharmacy;Pharmacie Guichaoua;;;;;440014132;;;;;;;44109;Nantes
-1.5730652;47.1901134001215;node/1950800562;nursing_home;La Tanière;;;;;;;;;;;;44143;Rezé
-1.5950938;47.2527131001081;node/1977731873;doctors;Cabinet Paramédical;;;;;;;;;;;;44114;Orvault
-1.6082742;47.2424956001103;node/1979229103;doctors;Cabinet Médical des Thébaudières;;;;;;;;;;;;44162;Saint-Herblain
-1.6082178;47.2417743001104;node/1979231100;pharmacy;Pharmacie des Thébaudières;;;;;440016533;;;;;;;44162;Saint-Herblain
-1.6072881;47.2450821001097;node/1982756552;pharmacy;Pharmacie du Sillon;;;;Mo-Sa 09:30-20:30;440016558;;;;;;+33 2 40 63 48 61;44162;Saint-Herblain
-1.5917746;47.2433428001101;node/1984183867;dentist;Cabinet Dentaire;;;;;;;;;;;;44114;Orvault
-1.6322519;47.2610117001063;node/2022695167;pharmacy;Pharmacie de la Bugallière;;;;;440015881;;;;;;;44114;Orvault
-1.560445;47.2208940001149;node/2085689815;doctors;Cabinet Dermatologie Viarme-Talensac;;;yes;;;;;;;;+33 2 40 20 18 16;44109;Nantes
-1.5588336;47.1843675001227;node/2151156370;pharmacy;Pharmacie du Château;;;;;440016301;;;;;;+33 2 40754547;44143;Rezé
-1.5361068;47.1956561001203;node/2216220558;doctors;Dr Yves Meignen;;no;;"Mo-Fr 10:00-19:00; Sa 09:00-12:00";;;;;;;;44109;Nantes
-1.5555687;47.2179436001155;node/2263293064;doctors;Cabinet Médical;;;;;;;;;;;;44109;Nantes
-1.5539505;47.2138948001164;node/2348410062;pharmacy;Pharmacie Arrouët-Neptune Feydeau;;;yes;"Mo-Fr 09:00-19:30; Sa 09:00-19:00; Su off";440014041;;;;;;;44109;Nantes
-1.7134685;47.2145604001162;node/2355994534;doctors;;;;;;;;;;;;;44047;Couëron
-1.5432743;47.2178822001155;node/2379534498;pharmacy;Pharmacie de la Gare;;;yes;"Mo-Fr 08:30-19:30; Sa 09:00-18:00; SH Sa 09:00-13:00";440014629;;;;;;;44109;Nantes
-1.3583349;47.24359030011;node/2426538046;hospital;Hôpital du Loroux-Bottereau;;;;;440000552;106;;;;;;44084;Le Loroux-Bottereau
-1.5587024;47.2073152001178;node/2435102260;pharmacy;Pharmacie de l'île;;;yes;"Mo-Fr 09:00-20:00; Sa 09:00-19:00";440014652;;;;;;+33 2 40697459;44109;Nantes
-1.266411;47.3372920000897;node/2437567335;pharmacy;;;;;;490532983;;;;;;;49069;Orée-d'Anjou
-1.3325127;47.0033373001606;node/2450325921;pharmacy;Pharmacie des Jardins;;;;;850016049;;;;;;+33 2 51 94 08 36;85146;Montaigu-Vendée
-1.332434;47.0034015001606;node/2450325925;doctors;;;;;;;;;;;;;85146;Montaigu-Vendée
-1.5553122;47.2166995001158;node/2474983820;pharmacy;Pharmacie Saint-Léonard;;;yes;"Mo-Sa 09:00-13:00,15:00-19:00";440014124;;;;;;+33 2 40 48 00 48;44109;Nantes
-1.5342807;47.2195972001152;node/2484974280;pharmacy;Pharmacie Freizzefond;;;;"Mo-Fr 09:00-12:15,14:00-19:30; Sa 09:00-12:15,14:00-17:30";440017481;620;;;;;;44109;Nantes
-1.2431912;47.0762422001455;node/2622764548;doctors;;;;;;;;;;;;;44063;Gétigné
-1.2514322;47.0779894001451;node/2622785215;doctors;;;;;;;;;;;;;44063;Gétigné
-1.43459;46.9713196001671;node/2687160960;pharmacy;Pharmacie Gicquel;;;;"Mo-Fr 09:00-12:30,14:00-19:00; Sa 09:00-13:00";440017408;;;;;;;44216;Vieillevigne
-1.9431722;47.358765200085;node/2688249375;pharmacy;;;;;;;;;;;;;44195;Savenay
-1.559232;47.225114400114;node/2716755267;pharmacy;Pharmacie Poirier Thouzeau;;;;"Mo-Fr 9:00-20:00; Sa 9:00-19:30";440014306;;;;;;+33 2 40 20 33 34;44109;Nantes
-1.2839242;47.3477796000874;node/2735126434;pharmacy;Pharmacie Laqueuille;;;;;440015915;;;;;;+33 2 40 83 61 50;44115;Oudon
-1.5756292;47.2283239001133;node/2744939447;doctors;Maison médicale Gaston Serpette;;;;;;;;;;;"+33 2 40 76 53 52;+33 2 51 83 06 69";44109;Nantes
-1.5617347;47.2132148001165;node/2749810296;pharmacy;Pharmacie du Théâtre;;;yes;Mo-Sa 09:30-19:30;440014520;;;;;;+33 2 40 69 35 14;44109;Nantes
-1.4759246;47.1727556001252;node/2836782350;pharmacy;Pharmacie Champion - Gendron;;;;;440017382;;;;;;;44215;Vertou
-1.5633679;47.2210812001148;node/2844603281;doctors;Cabinet Médical Boileau;;;yes;"""Du lundi au vendredi sur rendez-vous""";;;;;;;+33 2 51 72 02 02;44109;Nantes
-1.5622271;47.2214800001148;node/2844603290;pharmacy;Pharmacie Viarme;;;;"Mo-Fr 08:00-20:00; Sa 09:00-19:00";440013837;;;;;;+33 2 40 20 25 11;44109;Nantes
-1.5621992;47.2214314001148;node/2844605016;dentist;Pierre Emmanuel Hullin;;;;;;;;;;;+33 2 40 20 35 14;44109;Nantes
-1.2688307;47.1652835001268;node/2884916644;doctors;Cabinet Médical;;;;;;;;;;;;44212;Vallet
-1.576777;47.2532517001079;node/293900396;pharmacy;Pharmacie du Bout des Pavés;;;;"Mo-Fr 09:00-12:30,14:00-19:30; Sa 09:00-12:30,14:00-19:00; Jul-Aug Mo-Fr 09:00-12:30,14:00-19:30; Jul-Aug Sa 09:00-12:30";440015857;;;;;;+33 2 40 76 80 20;44114;Orvault
-1.5300071;47.2407279001106;node/300012070;pharmacy;Pharmacie Hauray;;;yes;;440013894;;;;;;+33 2 40 49 70 15;44109;Nantes
-1.5250738;47.2424858001103;node/300242018;pharmacy;Pharmacie Petitgas;;;;"Mo-Fr 09:00-12:30,14:00-19:00; Sa 09:00-15:00";440014231;;;;;;+33 2 40 49 53 31;44109;Nantes
-1.5293858;47.2082718001176;node/3020050460;pharmacy;Pharmacie Thorette-Orieux;;;limited;Mo-Sa 08:30-20:00;440026797;;;;;;+33 2 40 89 43 33;44109;Nantes
-1.5716696;47.2237805001143;node/3081849054;pharmacy;Pharmacie Chenay;;;yes;"Mo-Fr 09:00-12:30,14:00-19:00; Sa 9:00-12:30";440014348;;;;;;+33 2 40 40 03 12;44109;Nantes
-1.5520724;47.2236907001143;node/3082194974;dentist;Andriamanampisoa;;;;;;;;;;;;44109;Nantes
-1.5448778;47.2020561001189;node/3083201119;pharmacy;Pharmacie Mangin;;;yes;"Mo-Fr 08:30-19:30; Sa 09:00-18:00";;;;;;;+33 2 40 47 86 35;44109;Nantes
-1.527222;47.1861663001223;node/3084796520;pharmacy;Pharmacie de Sèvre;;;;;440014454;;;;;;;44109;Nantes
-1.5527763;47.2163027001159;node/309756785;pharmacy;Pharmacie du Pilori;;;yes;"Mo-Fr 08:30-21:00; Sa,Su,PH 09:00-20:30";440014249;;;;;;+33 2 40 47 48 35;44109;Nantes
-1.4306194;47.2000446001193;node/3147038090;pharmacy;Pharmacie Beau Soleil;;;;"Mo-Fr 08:45-12:30,14:00-19:00; Sa 08:45-18:30";440024016;;;;;;+33 2 40 54 91 35;44071;Haute-Goulaine
-1.5792566;47.1816478001233;node/3196631311;pharmacy;Pharmacie Grande Ouche;;;yes;"Mo-Fr 08:30-13:00,14:00-19:30; Sa 08:30-13:00,14:00-17:00";440029577;;;;;;+33980373758;44020;Bouguenais
-1.5299508;47.2486191001089;node/3197108195;pharmacy;Pharmacie du Ranzay;;;;;440014165;;;;;;;44109;Nantes
-1.5186671;47.1933784001208;node/3206204892;pharmacy;Pharmacie Biais Garnier;;;;;440030617;;;;;;;44190;Saint-Sébastien-sur-Loire
-1.5414387;47.2284790001133;node/3210762313;pharmacy;Pharmacie Saint-Donatien;;;;24/7 off;440014470;;;;;;;44109;Nantes
-1.6114337;47.2092916001174;node/3217904579;pharmacy;Pharmacie Touzé;;;;"Mo-Fr 08:30-12:30,14:00-19:30; Sa 09:00-12:30";440016475;;;;;;+33 2 40 46 34 97;44162;Saint-Herblain
-1.611966;47.2078094001177;node/3217907080;pharmacy;Pharmacie Gellusseau;;;yes;;440013910;;;;;;+33 2 40 46 36 68;44109;Nantes
-1.6161424;47.211008300117;node/3217923105;pharmacy;Pharmacie Angibaud Pouchus;;;;;440016566;;;;;;;44162;Saint-Herblain
-1.5958953;47.2098031001173;node/3219346212;pharmacy;Pharmacie de la Croix Bonneau;;;yes;"Mo-Fr 09:00-12:15,14:00-19:30; Sa 09:00-12:30";440013738;;;;;;+33 2 40 46 54 32;44109;Nantes
-1.59937;47.2162997001159;node/3219346213;pharmacy;Pharmacie Gautrais;;;;;440014074;;;;;;;44109;Nantes
-1.4875562;47.2496902001087;node/3220138580;doctors;;;;;;;;;;;;;44172;Sainte-Luce-sur-Loire
-1.668951;47.2619110001061;node/3229739789;pharmacy;Pharmacie de Bretagne;;;;;440017135;;;;;;;44194;Sautron
-1.378126;47.4107054000735;node/3231696156;pharmacy;Pharmacie Rousseau;;;;;440015618;;;;;;;44082;Ligné
-1.2819558;47.4615617000622;node/3270580175;pharmacy;Pharmacie Bezombes;;;;;440017234;;;;;;+33 2 40 97 74 03;44202;Teillé
-1.4320112;47.4417617000666;node/3294470595;doctors;;;;;;;;;;;;;44205;Les Touches
-1.4293509;47.4421820000666;node/3294569642;pharmacy;Pharmacie Roy;;;;;440031664;;;;;;+33 2 40 72 43 54;44205;Les Touches
-1.6825702;47.1885981001218;node/3305542070;pharmacy;Pharmacie Lardeux-Orain;;;;;440015733;;;;;;;44101;La Montagne
-1.4190267;47.4961346000545;node/3312338105;doctors;"Cabinet Médical - Docteurs, Infirmières, Kiné, Osthéopathe.";;;;;;;;;;;;44077;Joué-sur-Erdre
-1.4193218;47.4962397000545;node/3312338106;pharmacy;Pharmacie Tancart;;;;;440015576;;;;;;+33 2 40 72 35 47;44077;Joué-sur-Erdre
-1.4156981;47.4964028000544;node/3312367362;dentist;Cabinet Dentaire;;;;;;;;;;;;44077;Joué-sur-Erdre
-1.523467;47.2257832001138;node/3327282614;pharmacy;Pharmacie de Toutes-Aides;;;;"Mo-Fr 09:00-12:30,14:30-19:00; Sa 09:00-12:30,14:30-17:00";440014397;;;;;;+33 2 40 49 64 12;44109;Nantes
-1.4990087;47.4397067000671;node/3331927416;pharmacy;Pharmacie Beaudron;;;;;440015790;;;;;;+33 2 40 72 20 36;44110;Nort-sur-Erdre
-1.4993904;47.4390507000672;node/3331927421;dentist;Delestre-Gourien - Joanne;;;;;;;;;;;;44110;Nort-sur-Erdre
-1.5024606;47.4393227000672;node/3334066523;doctors;;;;;;;;;;;;;44110;Nort-sur-Erdre
-1.642145;47.0363082001538;node/3334151994;pharmacy;Pharmacie Gilet;;;;;440017044;;;;;;;44188;Saint-Philbert-de-Grand-Lieu
-1.5851449;47.2140140001164;node/3336098322;pharmacy;Pharmacie de la Place Zola;;;yes;"Mo-Sa 09:00-12:30,14:00-19:30";440014355;;;;;;+33 2 40 46 81 82;44109;Nantes
-1.5029073;47.4405020000669;node/3353525558;dentist;Chaze - Fouchet;;;;;;;;;;;;44110;Nort-sur-Erdre
-1.5016494;47.4420476000666;node/3353525566;doctors;"Jacob, Dubois, Ribearivelo";;;;;;;;;;;;44110;Nort-sur-Erdre
-1.6107852;47.2268805001136;node/336491750;hospital;Polyclinique de l'Atlantique;;;;;440033819;365;;;;;;44162;Saint-Herblain
-1.533389;47.2283868001133;node/3368101172;pharmacy;Pharmacie des Chalâtres;;;yes;"Mo-Sa 09:00-12:30, Mo-Fr 14:00-19:30; Sa 14:00-17:00";440014389;;;;;;+33 2 40 74 71 56;44109;Nantes
-1.4052104;47.3647643000837;node/3374529255;dentist;;;;;;;;;;;;+33 2 40 77 44 33;44179;Saint-Mars-du-Désert
-1.4054476;47.3665695000833;node/3374529277;doctors;;;;;;;;;;;;+33 2 40 77 49 13;44179;Saint-Mars-du-Désert
-1.2950275;47.3899521000781;node/3378026472;pharmacy;Pharmacie Collin;Mathieu COLLIN;;;;440029742;;;;;;+33 2 40 96 51 80;44048;Couffé
-1.2930866;47.3908031000779;node/3379407096;doctors;Ostéopathe Pierre Simonneau;;;;Mo-Sa 09:00-20:00;;;;;;;+33 7 78 26 13 93;44048;Couffé
-1.229285;47.4352068000681;node/3392486396;pharmacy;Pharmacie Le Boulch;;;;;440015691;;;;;;+33 2 40 96 70 12;44096;Mésanger
-1.227501;47.4325953000687;node/3392551907;doctors;"Guilbaud, Pineau, Fruneau";;;;;;;;;;;;44096;Mésanger
-1.3449442;47.3203283000934;node/3396858910;pharmacy;Pharmacie Seiller;;;;;440015089;;;;;;+33 2 40 25 42 27;44028;Le Cellier
-1.349254;47.3183838000938;node/3396926798;doctors;Cabinet Médical;;;;;;;;;;;;44028;Le Cellier
-1.2875405;47.3458540000878;node/3404160057;doctors;Issam Abdel Halim;;;;;;;;;;;+33 2 40 83 61 49;44115;Oudon
-1.2841258;47.3466129000876;node/3407039683;dentist;Hibon et Hevré-Junot;;;;;;;;;;;;44115;Oudon
-1.5519615;47.2194030001152;node/3408697504;doctors;Homéopathe;;;;;;;;;;;;44109;Nantes
-1.1953;47.3737251000817;node/3414240042;pharmacy;Pharmacie Espace 23;;;;;440016442;;;;;;+33 2 40 83 08 16;44003;Ancenis-Saint-Géréon
-1.1813498;47.3642566000838;node/3417501705;dentist;Imen Aissaoui - Christophe Bouhier;;;;;;;;;;;+33 2 40 83 05 14;44003;Ancenis-Saint-Géréon
-1.1774155;47.3653417000836;node/3419733919;pharmacy;Pharmacie Bouhyer - Lefrancq;;;;;440014728;;;;;;;44003;Ancenis-Saint-Géréon
-1.1812241;47.3718173000821;node/3421565199;dentist;Laurent Coutin - Sylvie Gaillard-Desbois;;;;;;;;;;;+33 2 40 83 00 73;44003;Ancenis-Saint-Géréon
-1.1830843;47.3725943000819;node/3421653499;dentist;Yves Jouanneau - Annie Richomme-Voyeau;;;;;;;;;;;+33 2 40 83 07 02;44003;Ancenis-Saint-Géréon
-1.189008;47.3790050000805;node/3426834894;dentist;Arlette et Philippe Merlet;;;;;;;;;;;+33 2 40 83 30 47;44003;Ancenis-Saint-Géréon
-1.1791443;47.3713587000822;node/3428874203;dentist;Florent Piveau;;;;;;;;;;;+33 2 40 98 80 81;44003;Ancenis-Saint-Géréon
-1.1791819;47.3720977000821;node/3428874205;pharmacy;Neftiphar;;;;;440014710;;;;;;;44003;Ancenis-Saint-Géréon
-1.1792244;47.3719784000821;node/3429818251;dentist;Audrey Eberlein;;;;;;;;;;;+33 2 40 09 78 40;44003;Ancenis-Saint-Géréon
-1.5597908;47.2219875001147;node/3448205689;doctors;Bernard Pallier;;;;"""Sur rendez-vous""";;;;;;;+33 2 40 48 20 47;44109;Nantes
-1.5445934;47.1786861001239;node/3457735966;pharmacy;Pharmacie des 3 Moulins;;;;;440016236;;;;;;+33 2 40756310;44143;Rezé
-1.5150755;47.239017700111;node/3463515730;nursing_home;Résidence Les Jardins de la Chénaie;;;;;440049062;500;;;senior;;+33272657500;44109;Nantes
-1.491358;47.3002435000978;node/3467539258;doctors;;;;;;;;;;;;;44026;Carquefou
-1.5586103;47.215711200116;node/3478654800;pharmacy;Pharmacie Saint-Nicolas;;;yes;Mo-Sa 09:00-19:15;440013878;;;;;;+33 2 40 48 62 59;44109;Nantes
-1.5138024;47.2393558001109;node/3495865533;pharmacy;Pharmacie Goubault-Guichard;;;yes;"Mo-Fr 09:00-12:30,14:00-19:30; Sa 09:00-12:30,14:00-18:00";440014371;;;;;;+33 2 40 49 85 45;44109;Nantes
-1.5989022;47.2272913001135;node/3522123802;doctors;Victoria-Lyne;;;;;;;;;;;;44109;Nantes
-1.4191305;47.1247663001353;node/3548349420;pharmacy;Pharmacie Sevre Et Maine;;;;"Mo-Fr 09:00-12:30,14:30-19:30; Sa 09:00-16:30";440015212;;;;;;+33 2 40 06 52 80;44037;Château-Thébaud
-1.6317751;47.2260549001138;node/3561575644;pharmacy;Pharmacie d'Atlantis;;;;;;;;;;;+33 2 40 92 20 28;44162;Saint-Herblain
-1.881668;47.2899693001;node/360156186;pharmacy;Pharmacie Lecerf-Jaillet;;;;;440015279;;;;;;;44045;Cordemais
-1.7294215;47.2102200001172;node/362100606;pharmacy;Pharmacie M-H Guillet;;;no;;440017523;;;;;;;44047;Couëron
-1.5108143;46.9399024001735;node/3626491958;pharmacy;Pharmacie du Prieuré;;;;;850015611;;;;;;;85190;Rocheservière
-1.6816207;47.2154448001161;node/362840343;pharmacy;Pharmacie Peneau;;;;;440015311;;;;;;;44047;Couëron
-1.6819995;47.2163098001159;node/362840400;doctors;;;;;;;;;;;;;44047;Couëron
-1.6819846;47.2161889001159;node/362840407;dentist;;;;;;;;;;;;;44047;Couëron
-1.6866002;47.2144978001163;node/362840413;pharmacy;Pharmacie des Pavillons;;;;;440043032;;;;;;;44047;Couëron
-1.5471006;47.2169221001157;node/364665979;pharmacy;Pharmacie Verte;;;yes;"Mo-Sa 10:00-13:00,14:00-18:00";440014595;;;;;;+33 2 40 74 02 22;44109;Nantes
-1.5509046;47.2186445001154;node/364694514;pharmacy;Pharmacie de la Cathédrale;;;;"Mo-Fr 09:00-12:30,14:00-19:15, Sa 09:00-12:30,15:00-19:00";440014157;;;;;;+33 2 40 47 00 42;44109;Nantes
-1.5058128;47.2073687001178;node/3653913761;doctors;Centre Cambronne;;;;;;;;;;;;44190;Saint-Sébastien-sur-Loire
-1.5592963;47.2216966001147;node/3659348668;pharmacy;Pharmacie du Marché Talensac;;;;"Tu-Fr 08:45-19:15; Mo 10:00-19:15; Sa 08:45-13:00";440014215;;;;;;;44109;Nantes
-1.5780214;47.5014719000533;node/3697152805;doctors;"Cabinet Infirmier Thibaud et Plaza;Ostéopathe Laurence Liénard";;;;;;;;;;;+33 2 40 57 92 50;44149;Saffré
-1.5789321;47.5011775000534;node/3698268276;dentist;Brudy;;;;;;;;;;;+33 2 40 77 25 80;44149;Saffré
-1.6774018;47.1769558001243;node/3758685809;pharmacy;Pharmacie Pétorin;;;;;440015741;;;;;;;44101;La Montagne
-1.9101224;47.1256452001351;node/3760338938;dentist;;;;yes;;;;;;;;;44005;Chaumes-en-Retz
-1.910263;47.1257459001351;node/3760338939;doctors;;;;yes;;;;;;;;;44005;Chaumes-en-Retz
-1.9127425;47.1229860001357;node/3761274098;pharmacy;Pharmacie de Chéméré;;;yes;"Mo-Fr 09:00-12:15,14:30-19:00; Sa 09:00-12:15,14:30-17:00";440029957;;;;;;;44005;Chaumes-en-Retz
-1.5803035;47.1292249001344;node/3761354669;pharmacy;Pharmacie des Vignes;;;;;440037380;;;;;;;44130;Pont-Saint-Martin
-1.5830865;47.1241636001354;node/3761359716;pharmacy;Pharmacie Drapeau;;;;;440016061;;;;;;;44130;Pont-Saint-Martin
-1.628777;47.1256321001351;node/3761372060;pharmacy;Pharmacie Seguin;;;;;440016350;;;;;;;44150;Saint-Aignan-Grandlieu
-1.5411333;47.2347224001119;node/376370668;pharmacy;Pharmacie de Montbazon;;;;"Mo-Fr 09:00-12:45,14:00-20:00; Sa 09:00-12:45,14:00-19:30";440017499;;;;;;+33 2 40 49 71 53;44109;Nantes
-1.6439654;47.0378137001534;node/3772738032;nursing_home;Résidence de l'Ile Verte;;;yes;;440002798;500;;;senior;;+33240787050;44188;Saint-Philbert-de-Grand-Lieu
-1.6348652;47.0326788001545;node/3773121191;doctors;Centre Médical De Grand Lieu;;;;;;;;;;;;44188;Saint-Philbert-de-Grand-Lieu
-1.6350771;47.0324393001546;node/3773121192;dentist;;;;;;;;;;;;;44188;Saint-Philbert-de-Grand-Lieu
-1.6388627;47.0358822001538;node/3773146783;pharmacy;Pharmacie Verte;;;;;440046993;;;;;;;44188;Saint-Philbert-de-Grand-Lieu
-1.6422619;47.0458967001518;node/3773151493;pharmacy;Pharmacie du Lac;;;;;;;;;;;;44188;Saint-Philbert-de-Grand-Lieu
-1.5773818;47.0122834001587;node/3775593343;pharmacy;Pharmacie Girard;;;;;440016418;;;;;;;44155;Saint-Colomban
-1.5824037;47.0107078001591;node/3775610821;doctors;;;;;;;;;;;;;44155;Saint-Colomban
-1.2820461;47.0960083001414;node/3786108870;pharmacy;Pharmacie du Moulin;;;;;440015238;;;;;;+33240039744;44043;Clisson
-1.5589572;47.3848437000792;node/3790348385;doctors;Julia Meslin;;;;;;;;;;;+33 2 85 52 40 22;44027;Casson
-1.5594977;47.2534677001079;node/3792501073;pharmacy;Pharmacie De La Bourgeonnière;;;yes;"Mo-FR 09:00-13:00,14:00-19:30; Sa 09:00-13:00,14:00-18:30";440013696;;;;;;+33 2 40 76 40 52;44109;Nantes
-1.5769298;47.2328857001123;node/3793962742;pharmacy;Pharmacie Sainte-Thérèse;Claire Hauville;;yes;"Mo-Fr 08:45-13:00, 14:00-19:45; Sa 09:00-19:00";440013852;;;;;;+33 2 40 76 95 84;44109;Nantes
-1.5446146;47.1661020001266;node/3801211982;doctors;SOS médecins;;;;du lundi au vendredi : 20h – 24h / samedi : 12h – 24h / dimanche et jours fériés : 09h – 24h;;;;;;;+33 2 40 50 30 30;44143;Rezé
-1.4823419;47.4367727000678;node/3807544709;doctors;;;;;;;;;;;;;44110;Nort-sur-Erdre
-1.6392805;47.035104400154;node/3813540292;doctors;;;;;;;;;;;;;44188;Saint-Philbert-de-Grand-Lieu
-1.5195386;47.2395153001109;node/3835895068;doctors;;;;yes;;;;;;;;"+33 2 40 49 27 32;+33 2 40 50 52 40";44109;Nantes
-1.5658027;47.2334906001122;node/3839512880;pharmacy;Pharmacie du Rond-Point de Rennes;;;no;"Mo-Fr 09:00-12:30,14:00-19:30; Sa 09:00-12:30,14:00-19:00";440014363;;;;;;+33 2 40 40 04 05;44109;Nantes
-1.5356136;47.2340002001121;node/3846531606;pharmacy;Pharmacie du rond point de Paris;;;;;440013753;;;;;;+33 2 40 49 32 28;44109;Nantes
-1.5194012;47.2395811001109;node/388106582;pharmacy;Pharmacie de la Bottière;;;;;440014033;;;;;;;44109;Nantes
-1.5793857;47.1811711001234;node/3884074024;doctors;Dr Nioche Cécile;;;;;;;;;;;;44020;Bouguenais
-1.5792933;47.1811658001234;node/3884076560;doctors;Dr Tourneux Lucie;;;;;;;;;;;;44020;Bouguenais
-1.773427;47.2745687001033;node/388582019;doctors;;;;;;;;;;;;;44158;Saint-Étienne-de-Montluc
-1.3066849;47.2061471001181;node/3894838812;doctors;Pôle Médical;;;;;;;;;;;;44079;Le Landreau
-1.5643493;47.2245573001141;node/3918093640;dentist;Harmonie Soins & Services;;;;"Mo-Fr 08:30-12:30,14:00-19:00; Sa 08:30-13:00";;;;;;;+33 2 40 29 00 40;44109;Nantes
-1.5694637;47.2272682001135;node/3925635859;pharmacy;Pharmacie des Hauts-Pavés;;;;"Mo-Fr 09:00-13:00, 14:30-19:30; Sa 09:00-12:30";440014538;;;;;;+33 2 40 76 06 13;44109;Nantes
-1.5692864;47.2271271001136;node/3925635871;doctors;Centre d’Ophtalmologie des Hauts-Pavés;;;;;;;;;;;+33 2 51 77 10 50;44109;Nantes
-1.8444286;47.4145033000727;node/3948624280;nursing_home;EPHAD Le Logis de la Petite Forêt;;;;;440002657;500;;;senior;;+33240563113;44023;Bouvron
-1.3780154;47.0539680001501;node/3964385810;dentist;;;;;;;;;;;;;44142;Remouillé
-1.6501305;47.4149625000726;node/3992156876;doctors;;;;;;;;;;;;;44073;Héric
-1.653833;47.4145198000727;node/3992386250;pharmacy;Pharmacie Hauray;;;;;440015568;;;;;;+33 2 40 57 60 15;44073;Héric
-1.6581284;47.4152684000725;node/3992386483;doctors;;;;;;;;;;;;+33 2 40 57 66 88;44073;Héric
-1.2716094;47.1578693001283;node/4041844192;doctors;;;;;;;;;;;;;44212;Vallet
-1.3990484;47.1559700001287;node/4041897350;doctors;;;;;;;;;;;;;44070;La Haie-Fouassière
-1.6126176;47.0922195001421;node/4045610925;pharmacy;Pharmacie de la Poste;;;;;440029585;;;;;;;44041;La Chevrolière
-1.6419189;47.0452510001519;node/4060814069;doctors;;;;;;;;;;;;;44188;Saint-Philbert-de-Grand-Lieu
-1.3036333;47.1010694001403;node/4065301933;pharmacy;Pharmacie Morel Dauneau;;;;;440015444;;;;;;;44064;Gorges
-1.5514823;47.187814100122;node/4077733102;pharmacy;Pharmacie Brossard;;;;;440016269;;;;;;;44143;Rezé
-1.5101684;47.1804628001235;node/4125530993;pharmacy;Pharmacie Bague;;;;;440017366;;;;;;;44215;Vertou
-1.5129563;47.1812989001234;node/4142728204;doctors;;;;;;;;;;;;;44215;Vertou
-1.5292762;47.2146438001162;node/4162000100;pharmacy;Pharmacie de Malakoff;;;yes;"Mo-Fr 9:00-19:30; Sa 9:00-12:30,14:00-18:00";440014447;;;;;;+33 2 40 47 53 37;44109;Nantes
-1.5289326;47.1944837001205;node/4173341456;pharmacy;Pharmacie Feron;;;yes;"Mo-Fr 09:00-13:00,14:30-19:30; Sa 09:00-13:00,14:30-18:00";440013985;;;;;;+33 2 40 34 59 09;44109;Nantes
-1.5500848;47.1882948001219;node/4185625784;dentist;Espace dentaire mutualiste;;;;"Mo-Fr 08:30-12:30,14:00-19:00; Sa 08:30-14:00";;;;;;;+33 240847115;44143;Rezé
-1.6049777;47.2286781001132;node/4209373593;pharmacy;Pharmacie du Tillay;;;;;440037430;;;;;;;44162;Saint-Herblain
-1.4873959;47.253110200108;node/4223940700;doctors;Mazé Pascale orthophoniste;;;;;;;;;;;+33 2 40 25 89 38;44172;Sainte-Luce-sur-Loire
-1.2825244;47.1397239001322;node/4228338392;pharmacy;Pharmacie Mougin;;;;"Mo-Fr 09:00-13:00,15:00-20:00;Sa 09:00-13:00";440026789;;;;;;;44108;Mouzillon
-1.4869627;47.2770016001028;node/4232254315;dentist;;;;;;;;;;;;+33 2 28018989;44026;Carquefou
-1.4864932;47.2774828001027;node/4232254343;pharmacy;Pharmacie Butaud;;;yes;;440015063;620;4773Z;;;;;44026;Carquefou
-1.4863363;47.2776952001026;node/4232254347;doctors;;;;;;;;;;;;;44026;Carquefou
-1.1680662;47.3406925000889;node/4244147292;pharmacy;Pharmacie de Liré;;;;;490537545;;;;;;;49069;Orée-d'Anjou
-1.1879939;47.2874190001006;node/4244279735;pharmacy;Pharmacie Priouzeau;;;;;490533957;;;;;;;49069;Orée-d'Anjou
-1.5969994;47.2220198001146;node/4248993218;pharmacy;Pharmacie de la Prière;;;;"Mo-Fr 09:00-12:30,14:00-19:30; Sa 09:00-12:30";440013787;;;;;;;44109;Nantes
-1.9311327;47.2425841001102;node/429725064;pharmacy;Pharmacie LE PEMP;;;;;440015410;;;;;;;44061;Frossay
-1.4939864;47.2943866000991;node/4340029006;doctors;;;;;;;;;;;;;44026;Carquefou
-1.4935253;47.2967329000985;node/4340029034;doctors;;;;;;;;;;;;;44026;Carquefou
-1.4909469;47.097723800141;node/4352621999;pharmacy;Pharmacie Le Bignon;;;;;440017507;;;;;;;44014;Le Bignon
-1.5152684;47.2498075001087;node/4359877789;pharmacy;Pharmacie Paridis;;;;Mo-Sa 09:00-21:00;440025849;;;;;;+33240939715;44109;Nantes
-1.5135104;47.2569143001071;node/4359892518;pharmacy;Pharmacie Commeil;;;;Mo-Sa 09:00-20:00;440013829;;;;;;+33 2 40 50 49 05;44109;Nantes
-1.5275984;47.3427886000885;node/4365094827;doctors;Cabinet Médical;;;;;;;;;;;;44201;Sucé-sur-Erdre
-1.5528744;47.2849851001011;node/4378872578;pharmacy;Pharmacie Viv'Erdre;;;;;440032191;;;;;;;44035;La Chapelle-sur-Erdre
-1.5497894;47.3025446000973;node/4378876232;pharmacy;;;;;;440015121;;;;;;;44035;La Chapelle-sur-Erdre
-1.5514191;47.2235074001144;node/4393406216;pharmacy;Pharmacie de l'Erdre;;;;"Mo-Fr 09:00-19:30; Sa 09:00-19:00";440014298;;;;;;;44109;Nantes
-1.5029206;47.2353021001118;node/439752040;pharmacy;Pharmacie Boudrot-Garnier;;;;"Mo-Fr 08:30-12:45,14:00-20:00; Sa 08:30-12:45,14:00-19:00";440018232;;;;;;+33 2 40 49 95 96;44109;Nantes
-1.5766806;46.9663491001681;node/4411384561;pharmacy;Pharmacie de Corcoue;;;yes;"Mo-Fr 09:00-12:30,14:30-19:30; Sa 09:00-13:00";440015261;;;;;;;44156;Corcoué-sur-Logne
-1.5959207;47.2381157001112;node/4463211750;pharmacy;Pharmacie Chollet Renaud;;;;;440016525;;;;;;;44162;Saint-Herblain
-1.6396215;47.0342432001542;node/4481746769;doctors;Sstrn;;;;;;;;;;;;44188;Saint-Philbert-de-Grand-Lieu
-1.2816437;47.1397950001321;node/4484332627;doctors;Pôle Santé;;;;;;;;;;;;44108;Mouzillon
-1.577027;46.9666056001681;node/4502175265;doctors;Maison de Santé;;;yes;;;;;;;;;44156;Corcoué-sur-Logne
-1.2548065;47.0664509001475;node/4502185104;doctors;Maison de Santé les Caducées;;;;;;;;;;;;85076;Cugand
-1.5487884;47.1933351001208;node/4508195530;pharmacy;Nouvelle Pharmacie Nantaise;;;;;440016285;;;;;;;44143;Rezé
-1.8784182;47.1993441001195;node/4508609693;dentist;Gibouin - Lair;;;;;;;;;;;;44220;Vue
-1.8606688;47.1856148001225;node/4528727692;doctors;Espace Santé;;;;;;;;;;;;44145;Rouans
-1.5723894;47.229786700113;node/4530499989;pharmacy;Pharmacie du Rond Point de Vannes;;;;"Mo-Sa 09:00-13:00, 14:00-19:30";440013977;;;;;;+33 2 40 76 52 82;44109;Nantes
-1.5798717;47.2079070001177;node/4632519529;nursing_home;AIMR les Hauts de Saint-Aignan EHPAD;;;;;440022671;500;;;senior;;+33240694849;44109;Nantes
-1.5336937;47.1506210001299;node/4669440479;pharmacy;Dominique Chaillou;;;;;440017184;;;;;;;44198;Les Sorinières
-1.5082329;47.2407913001106;node/4675016498;doctors;Dentiste Ludovic Despuech;;;;;;;;;;;;44109;Nantes
-1.4760069;47.2523163001081;node/4675017099;doctors;Docteur Hubert Papin;;;;;;;;;;;;44172;Sainte-Luce-sur-Loire
-1.5330442;47.2370409001114;node/4675019090;doctors;Allergologue Laurent-Charles Antoine;;;;;;;;;;;;44109;Nantes
-1.530879;47.2218625001147;node/4683363207;doctors;;;;;;;;;;;;;44109;Nantes
-1.4354882;47.0167098001578;node/4686758577;pharmacy;;;;;;440016004;;;;;;;44127;La Planche
-1.9323509;47.2443299001099;node/4693822969;nursing_home;Les Eglantines;;;;;440024727;500;;;senior;;+33240398850;44061;Frossay
-1.5093234;47.2084648001175;node/471509659;pharmacy;Pharmacie Rondeau;;;yes;"Mo-Fr 08:30-13:00,14:00-19:30; Sa 08:30-19:30";440043065;;;;;;+33 251790704;44190;Saint-Sébastien-sur-Loire
-1.5198;47.1899531001215;node/471509661;pharmacy;Pharmacie Millet;;;;"Mo-Sa 09:00-12:30, Mo-Fr 14:00-19:30, Sa 14:00-19:00";440014553;;;;;;;44109;Nantes
-1.4921439;47.1903625001214;node/471509662;pharmacy;Pharmacie de Saint-Seb Boulevard;;;;;440032522;;;;;;;44190;Saint-Sébastien-sur-Loire
-1.4909951;47.2034569001186;node/471509663;pharmacy;Pharmacie de Beaugency;;;;"Mo-Fr 09:00-12:30,14:00-19:00; Sa 09:00-12:30,14:00-18:00";440026227;;;;;;;44190;Saint-Sébastien-sur-Loire
-1.4996371;47.1991722001195;node/471509664;pharmacy;Pharmacie Chamkhi;;;;"Mo-Fr 09:00-12:30,14:00-19:30; Sa 09:00-12:30,14:30-19:00";440046233;;;;;;;44190;Saint-Sébastien-sur-Loire
-1.5200393;47.1994194001195;node/471509665;pharmacy;Pharmacie de la Martelière;;;;;440017085;;;;;;;44190;Saint-Sébastien-sur-Loire
-1.5056949;47.2069088001179;node/471509666;pharmacy;Pharmacie Naegele;;;;"Mo-Fr 08:30-12:30,14:00-19:30;Sa 08:30-12:30,14:00-19:00";440017077;;;;;;+33 2 40 80 55 23;44190;Saint-Sébastien-sur-Loire
-1.8184491;46.9920142001629;node/471627581;pharmacy;Pharmacie Centr'halle;;;;;440015659;;;;;;;44087;Machecoul-Saint-Même
-1.574696;47.2594096001066;node/4739652983;pharmacy;Pharmacie Chêne des Anglais;;;;"Mo-Fr 09:00-12:30,14:00-19:30; Sa 09:00-12:30,14:00-19:00";440013811;;;;;;+33 2 40 76 90 59;44109;Nantes
-1.542972;47.2247767001141;node/4755437203;doctors;;;;;;;;;;;;;44109;Nantes
-1.9419664;47.3578273000852;node/4757963237;pharmacy;Pharmacie des Halles;;;;;440017168;;;;;;;44195;Savenay
-1.8194751;46.9919001001629;node/475987954;pharmacy;Giro Pharm - Douet Gazeau;;;;;440024156;;;;;;;44087;Machecoul-Saint-Même
-1.4405793;47.2666493001051;node/4795200724;pharmacy;Pharmacie de la Fontaine;;;;;440046670;;;;;;;44204;Thouaré-sur-Loire
-1.7549871;46.9645959001685;node/485616741;pharmacy;Pharmacie;;;;;440015956;;;;;;;44119;Paulx
-1.5879769;47.2380246001112;node/4859463983;pharmacy;Pharmacie du Chêne Vert;;;yes;"Mo-Fr 09:00-12:00,14:00-19:30; Sa 09:00-12:00,14:00-19:00";440016491;;;;;;+33 2 40 76 92 38;44162;Saint-Herblain
-1.6731098;47.1982512001197;node/4863435980;pharmacy;Pharmacie Fardin-Graslon;;;;"Mo-Fr 09:00-12:15, 14:00-20:00; Sa 09:00-12:15, 14:00-19:00";440014793;;;;;;;44074;Indre
-1.4996244;47.3005555000977;node/4867662104;pharmacy;Pharmacie de la Fleuriaye;;;;Mo-Sa 09:00-19:00;440043230;;;;;;;44026;Carquefou
-1.8455073;47.417579000072;node/4869948396;pharmacy;;;;;;440015030;;;;;;;44023;Bouvron
-1.7469764;47.4718887000599;node/4869948402;pharmacy;Pharmacie de l'Isac;;;;;440014926;;;;;;;44015;Blain
-1.5650944;47.2113729001169;node/4883619521;doctors;Erwan Delanos - Ostéopathe Nantes;;;;"Mo-Fr 08:00-21:00; Sa 08:00-13:00";;;;;;;+33278940433;44109;Nantes
-1.815558;46.9968508001619;node/488470565;doctors;;;;;;;;;;;;;44087;Machecoul-Saint-Même
-1.8172653;46.9938385001625;node/488470569;doctors;;;;;;;;;;;;;44087;Machecoul-Saint-Même
-1.8211835;46.9935711001626;node/488470572;doctors;;;;;;;;;;;;;44087;Machecoul-Saint-Même
-1.821338;46.9936252001626;node/488470574;dentist;;;;;;;;;;;;;44087;Machecoul-Saint-Même
-1.8245041;46.9942840001624;node/488470578;doctors;;;;;;;;;;;;;44087;Machecoul-Saint-Même
-1.58239;47.1942437001206;node/4891934023;doctors;Dorothée Prevots - Ostéopathe Rezé;;;;Mo-Sa 08:00-19:00;;;;;;;+33257240466;44143;Rezé
-1.4860055;47.2960966000987;node/4892509479;pharmacy;Pharmacie Lepage;;;;"Mo-Fr 08:45-13:00,14:00-19:30; Sa 08:45-13:00,14:00-19:00";440037505;;;;;;;44026;Carquefou
-1.5505968;47.2234936001143;node/4906440343;dentist;Chirurgiens dentistes;;;;;;;;;;;;44109;Nantes
-1.5500813;47.2227104001145;node/4906440347;doctors;Docteur Jean-Luc Dumezy;;;;;;;;;;;;44109;Nantes
-1.8113252;47.1041171001396;node/4907732309;pharmacy;Pharmacie Mignen Charbeaux;;;;"Mo-Fr 09:00-12:30,14:00-19:30; Sa 09:00-15:30";440017002;;;;;;;44186;Sainte-Pazanne
-1.8052035;47.1035300001398;node/4907732338;dentist;;;;;;;;;;;;;44186;Sainte-Pazanne
-1.8062244;47.1019027001401;node/4907732339;dentist;Chevalier Elisabeth;;;;;;;;;;;;44186;Sainte-Pazanne
-1.8163898;47.1074353001389;node/4907732340;doctors;;;;;;;;;;;;;44186;Sainte-Pazanne
-1.4553696;47.3956882000769;node/4919711939;doctors;Cabinet du docteur Éon;;;;;;;;;;;+33 240727875;44122;Petit-Mars
-1.3985756;47.1566999001286;node/492811971;pharmacy;Pharmacie Aubron Jean-Paul;;;;;440015543;;;;;;;44070;La Haie-Fouassière
-1.5581837;47.2100405001172;node/4949104205;hospital;Le Tourville;;;;;;;;;;;+33 2 40 08 33 33;44109;Nantes
-1.7249494;47.1955320001203;node/495222323;pharmacy;Pharmacie de la Halle;;;yes;"Mo-Fr 08:30-12:30,14:15-19:30";440016608;;;;;;;44166;Saint-Jean-de-Boiseau
-1.5047893;47.1777702001241;node/4973964238;doctors;SSTRN;;;;;;;;;;;;44215;Vertou
-1.3868914;47.2536950001078;node/5003156395;pharmacy;Parmacie CAMENEN;;;yes;;440016632;;;;;;+33 2 40 36 83 68;44169;Saint-Julien-de-Concelles
-1.3857957;47.2545418001077;node/5003156396;pharmacy;Pharmacie de l'Europe;;;yes;;440016640;;;;;;;44169;Saint-Julien-de-Concelles
-1.3841648;47.2517552001083;node/5003156397;dentist;;;;;;;;;;;;;44169;Saint-Julien-de-Concelles
-1.5698744;47.2208271001149;node/5008773707;pharmacy;Pharmacie Monselet;;;;"Mo-Sa 08:00-12:30,14:00-20:00";440014017;;;;;;;44109;Nantes
-1.7510974;47.1325285001337;node/5028244092;clinic;Cabinet infirmières;;;;;;;;;;;;44133;Port-Saint-Père
-1.7507725;47.1323285001337;node/5028244097;pharmacy;Pharmacie Rabreau;Cécile Rabreau;;;;440016160;;;;;;;44133;Port-Saint-Père
-1.5854349;47.2381923001112;node/5161384416;doctors;Cabinet d'orthophonie;;;;;;;;;;;+33 2 40437236;44109;Nantes
-1.5292333;47.2083571001176;node/5162720752;dentist;Docteur Carmen Point;;;;;;;;;;;+33 2 40891308;44109;Nantes
-1.5565022;47.2138096001164;node/5201507343;pharmacy;Pharmacie du Centre;;;;;440014314;;;;;;+33 2 40 48 48 98;44109;Nantes
-1.5576219;47.2254770001139;node/5236031894;doctors;;;;;;;;;;;;;44109;Nantes
-1.3110043;46.9807537001652;node/5250815310;dentist;;;;;;;;;;;;;85146;Montaigu-Vendée
-1.5596588;47.2170051001157;node/5277807123;pharmacy;Pharmacie de Bretagne;;defibrillator;yes;"Mo-Fr 08:30-19:45; Sa 09:00-19:00";440014546;;;;;;+33 2 40 48 74 35;44109;Nantes
-1.5564322;47.2197375001151;node/5277807124;pharmacy;Pharmacie des Tanneurs;;;;"Mo-Fr 08:45-19:00; Sa 09:30-12:00";440014637;;;;;;+33 2 40 47 17 02;44109;Nantes
-1.4737887;47.1679716001262;node/5320430653;pharmacy;Pharmacie Somnolet - Roland;;;;;440017390;;;;;;;44215;Vertou
-1.3139657;46.9794793001654;node/5336995895;dentist;;;;;;;;;;;;;85146;Montaigu-Vendée
-1.6494822;47.2113239001169;node/5342565923;doctors;Blandine Jankowiak - Ostéopathe Saint-Herblain;;;;Mo-Fr 09:00-19:30;;;;;;;+33 2 57240230;44162;Saint-Herblain
-1.3114017;46.9780491001657;node/5354127159;pharmacy;Pharmacie du Champ de Foire;;;;;850015355;;;;;;;85146;Montaigu-Vendée
-1.3113441;46.9809111001652;node/5555836491;doctors;Centre Médical Esculape;;;;;;;;;;;+33 2 51 94 01 29;85146;Montaigu-Vendée
-1.3093968;46.9803347001653;node/5555862901;doctors;Caroline Mitault;;;;;;;;;;;+33 2 51 46 33 77;85146;Montaigu-Vendée
-1.5783618;47.2397720001108;node/5556042027;doctors;Cabinet médical;;;;;;;;;;;;44109;Nantes
-1.7097232;47.38121280008;node/5558907216;pharmacy;Pharmacie des Landes;;;;;440028645;;;;;;;44111;Notre-Dame-des-Landes
-1.4837242;47.1649483001268;node/5604816945;pharmacy;Pharmacie du Chêne;;;;;440031672;;;;;;;44215;Vertou
-1.4659253;47.1730391001251;node/5607946164;doctors;;;;;;;;;;;;;44215;Vertou
-1.4762072;47.183087200123;node/5608226112;pharmacy;Pharmacie de la Golvan-Sassot;;;;;440042901;;;;;;;44215;Vertou
-1.4765779;47.183066800123;node/5608226115;dentist;;;;;;;;;;;;;44215;Vertou
-1.4927613;47.1785911001239;node/5610486516;nursing_home;Ehpad de l'Hôpital;;;;;440021228;500;;;senior;;+33240808000;44215;Vertou
-1.5889814;47.2462384001094;node/571805689;pharmacy;Pharmacie de la Ferrière;;;;;440015873;;;;;;;44114;Orvault
-1.6058467;47.2513486001084;node/5754356074;dentist;Vollaire Augustin;;;;;;;;;;;+33 2 40 63 29 96;44114;Orvault
-1.6120452;47.2236705001143;node/5767469335;hospital;Institut de la main;Elsan;yes;;;;;;;;;+33 251 848 884;44162;Saint-Herblain
-1.2720686;47.1583921001282;node/5793971638;pharmacy;Pharmacie des Forges;;;;"Mo-Fr 08:45-12:45,14:30-19:30; Sa 08:45-12:45,14:30-18:00";440017341;;;;;;+33240339275;44212;Vallet
-1.4412761;47.2672512001049;node/5795727875;pharmacy;Grande Pharmacie Thouaré Centre;;;;;440017242;;;;;;;44204;Thouaré-sur-Loire
-1.5916148;47.2325302001124;node/5843289185;pharmacy;Pharmacie Boulevard du Massacre;;;;"Mo-Fr 09:00-12:45, 14:00-20:00; Sa 09:00-17:30";440016582;;;;;;+33 2 40 76 15 18;44162;Saint-Herblain
-1.577934;47.248191300109;node/5858945115;dentist;;;;;;;;;;;;;44114;Orvault
-1.5731121;47.1931087001209;node/5867887601;pharmacy;Pharmacie Atout sud;;;;;440016319;;;;;;;44143;Rezé
-1.9383572;47.3654810000835;node/5902094527;dentist;;;;;;;;;;;;;44195;Savenay
-1.5159733;47.2627590001059;node/5924563928;doctors;Dr Marie-Laure Reungoat;;;yes;;;;;;;;+33 2 40 93 22 42;44109;Nantes
-1.5160002;47.2626753001059;node/5924563929;doctors;Dr Corinne Farcy;;;yes;;;;;;;;+33 2 40 68 82 86;44109;Nantes
-1.5159505;47.2627089001059;node/5924563930;doctors;Dr Camille Delenne-Coulibaly;;;yes;;;;;;;;+33 2 40 93 27 27;44109;Nantes
-1.56404;47.2308719001127;node/5931437796;doctors;;;;;;;;;;;;;44109;Nantes
-1.7551464;47.4815767000578;node/5962273122;nursing_home;Résidence Vert Pré;;;;;440053601;500;;;senior;26440021900012;;44015;Blain
-1.1639083;47.1432186001314;node/5967257956;pharmacy;Pharmacie Godard;;;;;490536448;;;;;;+33241704433;49301;Sèvremoine
-1.187918;47.1000990001405;node/5967257961;pharmacy;Pharmacie Guillemot;;;;"Mo-Fr 09:00-12:15,15:00-19:15;Sa 09:00-12:15";490533858;;;;;;+33241704016;49301;Sèvremoine
-1.6249139;47.3308057000911;node/5968292273;pharmacy;Pharmacie Servin;;;;;440040376;;;;;;+33 2 40 94 53 30;44209;Treillières
-1.5774663;47.248210200109;node/5969761406;dentist;Lydianne Loiseau-Kercret;;;;;;;;;;;+33 2 51 83 99 90;44114;Orvault
-1.5762297;47.2523991001081;node/5969761423;doctors;;;;;;;;8690E;;;;+33 2 40 40 09 02;44114;Orvault
-1.5717369;47.2512040001084;node/5969761425;doctors;Martin Henon;;;;;;;;;;;;44109;Nantes
-1.5717973;47.2512131001084;node/5969761426;doctors;Geneviève Lefroid-Manseau;;;;;;;;;;;+33 2 40 76 04 13;44109;Nantes
-1.5718496;47.2512067001084;node/5969761427;dentist;Bruno Fortun;;;;;;;;;;;+33 2 40 40 16 36;44109;Nantes
-1.7633585;47.4748814000593;node/597678286;dentist;;;;;;;;;;;;;44015;Blain
-1.7647563;47.4756735000591;node/597704453;pharmacy;Pharmacie Centrale (Calais);;;;;440017515;;;;;;+33 2 40 79 00 10;44015;Blain
-1.7668957;47.4766353000589;node/598196934;nursing_home;Résidence Marguerite de Rohan;;;;;440003184;500;;;senior;26440021900012;+33240790039;44015;Blain
-1.533079;47.2272588001135;node/6015437786;doctors;Cabinet médical de la Mitrie;;;;;;;;;;;+33 2 40 49 12 86;44109;Nantes
-1.5216968;47.2479597001091;node/6017956428;dentist;Cabinet dentaire de la Haluchere;;;yes;"Mo-Th 08:30-12:00,14:00-18:30; Su 05:45-06:00";;;;;;;;44109;Nantes
-1.5215593;47.2478306001091;node/6017956430;doctors;Cabinet médical Phileas;;;;;;;;;;;;44109;Nantes
-1.5614533;47.2217072001147;node/6019979029;doctors;Cabinet Frédureau;;;;;;;;;;;;44109;Nantes
-1.5357704;47.2218238001147;node/6025216886;doctors;;;;;;;;;;;;;44109;Nantes
-1.5271903;47.2663246001051;node/6030194213;clinic;Roz Arvor;;;yes;;440000701;;;;;;+33 2 40 68 39 00;44109;Nantes
-1.5160272;47.2679587001048;node/6033112488;pharmacy;Pharmacie Le Reste;;;;"Mo-Fr 09:00-12:30,14:00-19:30; Sa 09:00-16:00";440014504;;;;;;+33 2 40 25 15 80;44109;Nantes
-1.5173216;47.2686651001046;node/6037139118;dentist;Huchet Yann;;;;;;;;;;;+33 2 40 30 24 06;44109;Nantes
-1.5173887;47.2686924001046;node/6037139119;dentist;Janvier Guillemette;;;;;;;;;;;+33 2 40 30 24 06;44109;Nantes
-1.5172707;47.2687216001046;node/6037139120;dentist;Horcholle Benoît;;;;;;;;;;;+33 2 40 30 24 06;44109;Nantes
-1.5173257;47.2687489001046;node/6037139121;dentist;Chapalain Rémi;;;;;;;;;;;+33 2 40 30 24 06;44109;Nantes
-1.5194681;47.2697887001044;node/6037730393;pharmacy;Pharmacie Saint-Joseph;;;;"Mo-Fr 08:30-13:00,14:00-20:00; Sa 08:30-13:00,14:00-19:00";440018158;;;;;;+33 2 40 30 10 00;44109;Nantes
-1.6737521;47.1998810001194;node/606574505;pharmacy;Pharmacie Maillet;;;;;440014785;;;;;;;44074;Indre
-1.5535526;47.2232297001144;node/6069012441;doctors;Le Renan;;;;;;;;;;;;44109;Nantes
-1.5531502;47.2287908001132;node/6089048641;doctors;"Docteurs Nicolas Chronis, Chloé Dupon et François-Xavier Lemesre";;;;"""by appointment""";;;8621Z;;;;+33 2 40 74 01 98;44109;Nantes
-1.5448526;47.2024701001188;node/6096045009;doctors;;;;;;;;;;;;;44109;Nantes
-1.5446717;47.2020912001189;node/6096045010;doctors;;;;;;;;;;;;;44109;Nantes
-1.54707;47.2053681001182;node/6098348864;pharmacy;Pharmacie des Ponts;;;yes;"Mo-Th 09:00-19:30; Fr 09:00-13:00, 14:00-19:30; Sa 09:00-13:00";440013969;;;;;;+33 2 40478048;44109;Nantes
-1.5235806;47.2303000001129;node/6105615048;pharmacy;Pharmacie de la Mitrie;;;;"Mo-Sa 09:00-12:30,14:00-19:30";440013712;;;;;;+33 2 40 49 17 00;44109;Nantes
-1.5512457;47.2185292001154;node/6140736060;dentist;Cabinet dentaire;;;;;;;;;;;+33 2 40 74 24 10;44109;Nantes
-1.571513;47.2285621001132;node/6157183193;doctors;Cabinet Infirmier des Hauts Pavés;;;;"Mo-Fr 12:15-12:30 || ""by appointement""";;;;;;;+33 6 87 53 83 38;44109;Nantes
-1.570652;47.2284779001133;node/6157183195;doctors;;;;;;;;;;;;;44109;Nantes
-1.5706017;47.2285016001133;node/6157183196;doctors;Cabinet Naturae;;;;;;;;;;;;44109;Nantes
-1.5715405;47.2261774001138;node/6157183200;doctors;;;;;;;;;;;;;44109;Nantes
-1.5713366;47.224817200114;node/6157183201;dentist;;;;;;;;;;;;;44109;Nantes
-1.5717074;47.2247858001141;node/6157183202;dentist;;;;;;;;;;;;+33 2 40 48 29 46;44109;Nantes
-1.5713165;47.2245499001141;node/6157183209;doctors;cabinet Kinésithérapie;;;;;;;;;;;;44109;Nantes
-1.5750656;47.2283509001133;node/6157243672;doctors;;;;;;;;;;;;;44109;Nantes
-1.574281;47.2279893001134;node/6157243673;doctors;Cabinet de cardiologie;;;;;;;;;;;+33 2 40 40 15 15;44109;Nantes
-1.6060925;47.2222946001146;node/6164072070;pharmacy;pharmacie des chataigniers;;;;;440024040;;;;;;;44162;Saint-Herblain
-1.6242808;47.271369600104;node/6188233353;pharmacy;Pharmacie du Bourg d'Orvault;;;;;440015865;;;;;;;44114;Orvault
-1.5536938;47.299110000098;node/619390667;pharmacy;Pharmacie Jouandet;;;;;440015147;;;;;;;44035;La Chapelle-sur-Erdre
-1.587478;47.2068573001179;node/620481511;pharmacy;Pharmacie de la Mairie;;;;"Mo-Fr 09:00-13:00,14:00-19:30; Sa 09:00-13:00";440014280;;;;;;+33 2 40 46 48 72;44109;Nantes
-1.5558606;47.2304291001128;node/6221537252;doctors;Cabinet infirmier Saint-Félix;;;;"""Sur rendez-vous""";;;;;;;+33 6 14 01 55 54;44109;Nantes
-1.2396214;47.0765292001454;node/6221647118;pharmacy;Pharmacie Géant Guillot;;;;"Mo-Sa 09:00-12:00,14:00-19:00";440015436;;;;;;+33 2 40 54 02 63;44063;Gétigné
-1.2396159;47.0763124001455;node/6221651745;doctors;;;;;;;;;;;;;44063;Gétigné
-1.4863641;47.2498488001087;node/6222530187;pharmacy;;;;;;440016665;;;;;;;44172;Sainte-Luce-sur-Loire
-1.4915334;47.2972235000984;node/6222530192;doctors;Magasin Audio2000;;;;;;;;;;;;44026;Carquefou
-1.4908846;47.2986023000981;node/6222530286;doctors;Magasin Ouest audition;;;;;;;;;;;;44026;Carquefou
-1.5435751;47.1726232001252;node/6232141122;doctors;;;;;;;;;;;;;44143;Rezé
-1.5698849;47.2190179001153;node/6314089128;doctors;;;;;;;;;;;;;44109;Nantes
-1.5733727;47.2192722001152;node/6314089140;doctors;;;;;;;;;;;;;44109;Nantes
-1.5736073;47.2214496001148;node/6314089145;doctors;Groupe médical Monselet;;;;;;;;;;;;44109;Nantes
-1.5711298;47.2230393001144;node/6314089146;doctors;Luxomed;;;;;;;;;;;+33 2 40 12 47 47;44109;Nantes
-1.5685299;47.2208382001149;node/6314089148;doctors;Cabinet d'Ostéopathie;;;no;"Mo-Fr 08:00-20:30; Sa 09:00-14:00";;;;;;;+33 2 40 48 10 78;44109;Nantes
-1.5643032;47.2184464001154;node/6314426206;doctors;;;;;"Mo-Fr 11:30-12:00 || Sa,Su ""by appointment""";;;;;;;+33 2 40 20 22 22;44109;Nantes
-1.5983441;47.2234551001143;node/6320708405;pharmacy;Pharmacie Mathieu - Preneau;;;;;440014090;;;;;;+33 2 40 46 22 78;44109;Nantes
-1.6662085;47.2618217001061;node/6416073266;dentist;Dr Hervouet;;;yes;;;;;;;;;44194;Sautron
-1.519531;47.2591482001067;node/6435576120;dentist;;;;;;;;;;;;;44109;Nantes
-1.6249431;47.3308091000911;node/6444936725;doctors;;;;;;;;;;;;;44209;Treillières
-1.4828402;47.2625424001059;node/6516648686;doctors;Le Service de Santé au Travail de la Région Nantaise;;;;;;;;;;;;44172;Sainte-Luce-sur-Loire
-1.5964922;47.206371600118;node/652854222;pharmacy;Pharmacie des Bourderies;;;;"Mo-Fr 09:00-12:00, 14:00-19:00; Sa 09:00-12:00, 14:00-18:30; Su off";440013795;;;;;;;44109;Nantes
-1.858694;47.1003189001405;node/654178798;doctors;Pierre Roux;;;yes;;;;;;;;;44164;Saint-Hilaire-de-Chaléons
-1.7896932;47.2772060001028;node/6596381784;dentist;;;;;;;;;;;;;44158;Saint-Étienne-de-Montluc
-1.1779224;47.3654867000835;node/6606027341;pharmacy;Pharmacie des Halles;;;;;440014702;;;;;;;44003;Ancenis-Saint-Géréon
-1.5769562;47.2106823001171;node/6657226495;pharmacy;Pharmacie de Mellinet;;;;;440013761;;;;;;;44109;Nantes
-1.5656543;47.2334767001122;node/6661542194;dentist;Béatrice Yvon-Guinebretière;;;;;;;;;;;+33 2 40 40 40 13;44109;Nantes
-1.5419679;47.2335594001122;node/6661968003;dentist;Keroullas-Portzamparc;;;yes;;;;;;;;+33 2 40 52 12 46;44109;Nantes
-1.5369538;47.2050724001183;node/6680002687;doctors;SoMed;;;designated;Mo-Sa 08:30-19:30;;;;;;;+33 2 72 96 66 66;44109;Nantes
-1.5372831;47.2049986001183;node/6812947684;pharmacy;Pharmacie Beaulieu;;;yes;Mo-Sa 09:30-20:30;;;;;;;+33 2 40 47 48 47;44109;Nantes
-1.5470113;47.2058747001181;node/6875349990;doctors;Cabinet d'orthoptie;;;;;;;;;;;+33 2 85 29 42 20;44109;Nantes
-1.5470422;47.2058731001181;node/6875349991;doctors;Sourdille Vision;;;;;;;;;;;;44109;Nantes
-1.5515754;47.215720200116;node/6900811274;dentist;mcrn;;;;"Mo-Fr 09:00-19:00; Sa 09:00-12:00";;;;;;;+33 2 40 89 65 53;44109;Nantes
-1.5200213;46.9862826001641;node/6965868555;doctors;Maison de Santé;;;;;;;;;;;;85262;Saint-Philbert-de-Bouaine
-1.5707392;47.2385991001111;node/6985431885;pharmacy;Pharmacie de Longchamp;;;;"Mo-Fr 08:30-12:30,14:00-19:30; Sa 09:00-13:00,14:30-19:00";440014579;;;;;;+33 2 40 76 58 38;44109;Nantes
-1.5884161;47.2619309001061;node/7007768785;pharmacy;Pharmacie Grand Val;;;;"Mo-Fr 09:00-20:15; Sa 09:00-20:00";440015824;;;;;;+33 2 40 40 71 66;44114;Orvault
-1.359228;47.2439470001099;node/7053946786;pharmacy;Pharmacie Fiolleau Sante Service;;;;"Mo-Fr 08:30-12:45, 14:30-20:00; Sa 08:30-12:45, 14:30-19:00";440015634;;;;;52135166800020;+33 2 40 03 77 28;44084;Le Loroux-Bottereau
-1.5702888;47.2385864001111;node/7056171847;doctors;Centre dentaire de Nantes;;;;Mo-Fr 09:00-19:00;;;;;;;+33 2 72 24 74 49;44109;Nantes
-1.5338239;47.2446556001098;node/7058424444;pharmacy;;;;;;440014587;;;;;;;44109;Nantes
-1.5320778;47.2414699001105;node/7058662789;doctors;Centre radiologique de l'Éraudière;;;yes;;;;;;;;;44109;Nantes
-1.3868181;47.2526678001081;node/7101668976;doctors;;;;;;;;;;;;;44169;Saint-Julien-de-Concelles
-1.7899923;47.2773818001027;node/7108042964;doctors;Ophtalmologiste;;;;;;;;;;;;44158;Saint-Étienne-de-Montluc
-1.5372539;47.1958479001202;node/7124550255;pharmacy;Pharmacie Saint Jacques;;;;"Mo-Fr 08:30-12:45, 14:00-20:00; Sa 09:00-12:45, 14:00-19:00";440014660;;;;;;+33 2 40 75 52 91;44109;Nantes
-1.6863737;47.1870059001221;node/7161710044;dentist;;;;;;;;;;;;;44101;La Montagne
-1.4103463;47.0818563001443;node/7169953148;clinic;Cabinet médical Aigrefeuille sur Maine;;;;;;;;;;;+33 2 40 33 57 71;44002;Aigrefeuille-sur-Maine
-1.7512302;47.1998596001194;node/7199773689;pharmacy;;;;;;440026813;;;;;;;44120;Le Pellerin
-1.6927866;47.1426967001315;node/7199976771;clinic;Cabinet du Bois Jacques;;;;;;;;;;;;44018;Bouaye
-1.504903;47.234198800112;node/7230555041;pharmacy;Pharmacie du Vieux Doulon;;;;"Mo-Fr 08:30-13:00,14:00-20:00; Sa 08:30-20:00";440014181;;;;;;+33 2 40 49 37 26;44109;Nantes
-1.3061765;47.2046998001184;node/7237777341;pharmacy;Pharmacie Saint Côme;;;;;440015592;;;;;;+33 2 40 06 40 58;44079;Le Landreau
-1.5389257;47.234160100112;node/7241039616;dentist;Dr Michelle Lionak Desfontaine;;;;;;;;;;;+33 2 28 23 71 31;44109;Nantes
-1.5638287;47.2149445001162;node/7241699386;pharmacy;Pharmacie Dossmann et Force;;;;Mo-Sa 08:45-19:45;440014603;;;;;;+33 2 40 48 77 36;44109;Nantes
-1.5790347;47.2122298001168;node/7276969626;pharmacy;Pharmacie Pasteur;;;yes;"Mo-Fr 08:30-12:15,14:00-19:15, Sa 09:00-12:15";440014421;;;;;;+33 2 40 73 21 05;44109;Nantes
-1.3049744;47.2040916001185;node/7285211680;doctors;Podologue;Leïla Mebarek-Cherif;;;;;;;;;;;44079;Le Landreau
-1.3359197;47.140428700132;node/7316084521;pharmacy;Pharmacie Saint-Vincent;;;;;440015949;;;;;;;44117;Le Pallet
-1.3448924;47.1423383001316;node/7316084848;doctors;;;;;;;;;;;;;44117;Le Pallet
-1.5489026;47.2096373001173;node/7323148599;hospital;Centre Nantais de la Parentalité;;;;;440044279;101;;;;;;44109;Nantes
-1.5445538;47.2352402001118;node/7332848646;doctors;Cabinet médical de la Tortière;Docteur Isabelle Loirat;;;;;;;;;;+33 2 40 93 86 36;44109;Nantes
-1.5461727;47.2354173001118;node/7332848650;doctors;Docteur Isabelle Suteau;;;;;;;8621Z;;;;+33 2 40 30 28 83;44109;Nantes
-1.5464088;47.2351828001118;node/7332848651;dentist;Cabinet dentaire Riverdre;"Dr Luc Roudière;Dr Adrien Alonso;Dr Lise Lespagnol";;yes;"Mo-Fr 09:00-12:00,14:00-19:00";;;8623Z;;;;+33 2 40 49 01 03;44109;Nantes
-1.2653753;47.1607948001277;node/7333206095;pharmacy;Pharmacie des Vignes;;;;;440017333;;;;;;+33 2 40 33 92 59;44212;Vallet
-1.455155;47.3915858000778;node/7335400445;pharmacy;Pharmacie de Petit-Mars;;;;;440015972;;;;;79880473800010;+33 2 40 72 73 08;44122;Petit-Mars
-1.1811567;47.372248600082;node/7340024191;pharmacy;Pharmacie Thireau;;;;"Mo-Fr 09:00-12:30,14:00-19:30;Sa 09:00-17:00";440014710;;;;;;+33 2 40 83 05 19;44003;Ancenis-Saint-Géréon
-1.4689769;47.187598100122;node/7343344263;pharmacy;Pharmacie Centre Commercial Pole Sud;;;;;440017580;;;;;;;44009;Basse-Goulaine
-1.4659597;47.2100019001172;node/7343359739;pharmacy;Pharmacie des landes;;;;;440014777;;;;;;;44009;Basse-Goulaine
-1.5466268;47.2260508001138;node/7343405616;clinic;Clinique Bretéché;;;;;440000412;;;;;;+33 8 90 71 07 11;44109;Nantes
-1.5513981;47.2979181000983;node/7343434966;pharmacy;Pharmacie Guilbert;;;;;440015154;;;;;;;44035;La Chapelle-sur-Erdre
-1.5669428;47.2518515001082;node/7343523314;pharmacy;Pharmacie Boissière- Hippodrome;;;yes;"Mo-Fr 09:00-12:30+,14:15-19:30; Sa 09:00-16:00";440014066;;;;;;;44109;Nantes
-1.5879277;47.2287229001132;node/7343528360;pharmacy;Pharmacie Quancard;;;;"Mo-Fr 09:00-12:30,14:00-19:30; Sa 09:00-12:30,14:00-19:00";440014512;;;;;;+33 2 40 76 03 01;44109;Nantes
-1.4873977;47.2556459001074;node/7344441341;pharmacy;Pharmacie Bothorel;;;;"Mo-Fr 09:00-12:30,14:00-19:00; Sa 09:00-12:30,14:00-18:00";440016681;;;;;;+33240256707;44172;Sainte-Luce-sur-Loire
-1.4871461;47.0575173001494;node/7344471060;pharmacy;Pharmacie Tilly;;;;;440015758;;;;;;+33 2 40 04 75 84;44102;Montbert
-1.4868357;47.2488058001089;node/7344472731;pharmacy;Pharmacie de la Loire;;;;;440026805;;;;;;;44172;Sainte-Luce-sur-Loire
-1.6528374;47.2117372001169;node/7344492660;pharmacy;Pharmacie des Arcades;;;;;440018216;;;;;;;44162;Saint-Herblain
-1.3855213;47.0955320001414;node/7344510904;pharmacy;Pharmacie du Vignoble;;;;;440026201;;;;;;+33 2 40 03 89 29;44088;Maisdon-sur-Sèvre
-1.6543199;47.2117101001169;node/7344548429;pharmacy;Pharmacie du bourg;;;;;440016509;;;;;;;44162;Saint-Herblain
-1.6504087;47.2113324001169;node/7344566156;pharmacy;Pharmacie Ordas;;;;;440016483;;;;;;;44162;Saint-Herblain
-1.1873308;47.3783668000807;node/7352246143;pharmacy;Pharmacie du Bois Jauni;;;;"Mo 14:00-19:00;Tu-Fr 09:00-13:00,14:00-19:00;Sa 09:00-12:30,14:00-19:00";440014728;;;;;;+33 2 40 83 00 51;44003;Ancenis-Saint-Géréon
-1.4979169;46.9413290001732;node/7355058854;nursing_home;EHPAD l'Arbrasève;;;yes;;850003260;;;68;senior;;+33 2 51 94 90 44;85190;Rocheservière
-1.5513825;47.210932700117;node/7379916054;pharmacy;Pharmacie de la Madeleine;;;;"Mo-Fr 08:45-19:30; Sa 10:00-13:00";440013720;;;;;;+33 2 40 47 99 08;44109;Nantes
-1.5297934;47.2402331001107;node/7380478966;dentist;;;;;;;;;;;;;44109;Nantes
-1.5308482;47.2404154001107;node/7380478967;doctors;Cabinet Kinésithérapeutes;;;;;;;;;;;;44109;Nantes
-1.5258909;47.238851600111;node/7380478968;doctors;Cabinet Médical;;;;;;;;;;;;44109;Nantes
-1.5261784;47.2385042001111;node/7380478969;doctors;Cabinet médical;;;;;;;;;;;;44109;Nantes
-1.6022084;46.9922453001628;node/7413625875;nursing_home;Ker Maria;;;;;440003077;500;;;senior;;;44083;La Limouzinière
-1.566505;46.9586029001697;node/7413625876;nursing_home;Hôpital Bel Air;;;;;440047561;500;;;senior;;;44156;Corcoué-sur-Logne
-1.5865638;47.178068000124;node/7426039024;dentist;Perez;;;;;;;;;;;;44020;Bouguenais
-1.5877731;47.1800881001236;node/7426039025;dentist;;;;;;;;;;;;;44020;Bouguenais
-1.7188604;47.1711182001255;node/7426477035;dentist;Docteur Greaud Pierre-Yves;;;;;;;;;;;;44024;Brains
-1.5720876;47.2414503001105;node/7448534416;pharmacy;Pharmacie Lemaire;;;;"Mo-Fr 09:00-12:30,14:30-19:30; Sa 09:00-12:30,14:30-18:30";440014496;;;;;;+33 2 40 40 59 25;44109;Nantes
-1.2313693;47.0614639001485;node/7464213697;nursing_home;La Chimotaie;MGEN;;;;850021973;500;;;senior;44192191300030;+33251456600;85076;Cugand
-1.2532415;47.0623809001484;node/7464213698;nursing_home;Ehpad Saint Gabriel;;;;;850003781;500;;;senior;78639882600010;+33251421541;85076;Cugand
-1.2918821;47.0917644001422;node/7464213699;nursing_home;Ehpad du CH;;;;;440047579;500;;;senior;26440005200041;+33240801919;44043;Clisson
-1.2846454;47.0883512001429;node/7464213700;nursing_home;Résidence Jacques Bertrand;;;;;440030922;500;;;senior;26440155500034;+33240540403;44043;Clisson
-1.3999537;47.0717182001464;node/7464213701;nursing_home;Ehpad Mon Repos;;;;;440002103;500;;;senior;78592514000010;+33240066048;44002;Aigrefeuille-sur-Maine
-1.5180611;47.0556557001498;node/7464213702;nursing_home;Résidence Saint Louis;;;;;440003135;500;;;senior;77560546200255;+33240267033;44223;Geneston
-1.203847;47.3376576000896;node/7467270298;nursing_home;Les Chênes du Bellay;;;;;490002136;500;;;senior;20007359100022;+33240982011;49069;Orée-d'Anjou
-1.1672619;47.3418881000887;node/7467270299;nursing_home;Les Chênes du Bellay;;;;;490002201;500;;;senior;20007359100030;+33240090325;49069;Orée-d'Anjou
-1.9401681;47.3568577000854;node/7469518104;nursing_home;Ehpad Anne de Bretagne;;;;;440021111;500;;;senior;26440029200043;+33240575000;44195;Savenay
-1.5873129;47.2357509001117;node/7538257486;doctors;Radiologie Beauséjour;;;;;;;;;;;;44162;Saint-Herblain
-1.6225856;47.2727768001037;node/7589554564;nursing_home;Ehpad Le Gué Florent;;;;;440003887;500;;;senior;77560545400062;+33240633701;44114;Orvault
-1.5430949;47.2231209001144;node/7589663113;nursing_home;Ehpad Saint Joseph;;;;;440002947;500;;;senior;78601200500017;+33251860180;44109;Nantes
-1.5438376;47.2222969001146;node/7589663114;nursing_home;Ehpad La Grande Providence;;;;;440003432;500;;;senior;50375715500042;+33240358280;44109;Nantes
-1.5604195;47.2244670001141;node/7589663115;nursing_home;Ehpad Ma Maison;;;;;440009488;500;;;senior;34018273200016;+33240200050;44109;Nantes
-1.5645659;47.2207136001149;node/7589663116;nursing_home;Résidence Espérance;Association « Résidence - Espérance »;;;;440009512;500;;;senior;32861091000015;+33 2 72 01 54 00;44109;Nantes
-1.5721257;47.2088478001175;node/7589663117;nursing_home;Ehpad Océane;;;;;440040616;500;;;senior;45135400500097;+33251843100;44109;Nantes
-1.5568504;47.1929489001209;node/7589944628;nursing_home;Le Clos de l'Île Macé;;;;;440047546;500;;;senior;40125156601871;+33251868133;44143;Rezé
-1.3573976;47.2434613001101;node/7590022736;nursing_home;Ehpad Les Jardins de Botterel;;;;;440021244;500;;;senior;26440306400035;+33251711515;44084;Le Loroux-Bottereau
-1.5581271;47.2100776001172;node/7615884485;hospital;Centre du Voyage International;;;;;;;;;;;;44109;Nantes
-1.5806638;47.2041549001185;node/761796435;pharmacy;Pharmacie Leclercq;;;;"Mo-Fr 09:00-12:30, 14:00-19:30; Sa 09:00-12:30; Su off";440014488;;;;;;+33 2 40 69 71 88;44109;Nantes
-1.5538547;47.2047770001183;node/781316860;pharmacy;Pharmacie de la République;;;;"Mo-Fr 09:00-20:00; Sa 09:00-18:00";440013928;;;;;;+33 2 40 89 01 26;44109;Nantes
-1.4870006;47.0575835001494;node/7883485573;doctors;;;;;;;;;;;;;44102;Montbert
-1.509153;46.9399758001735;node/7934714472;doctors;Maison Médicale;;;;;;;;;;;;85190;Rocheservière
-1.5541329;47.2955654000988;node/7989087071;dentist;Michèle Cognée-Jullien;;;;"Mo-Fr 09:00-12:00,14:00-19:00";;;;;;32740229300036;+33 2 40 29 78 76;44035;La Chapelle-sur-Erdre
-1.5546278;47.2956604000988;node/7989087072;doctors;Espace Santé du Haut-Bourg;;;;"Mo-Sa 08:00-19:00, Sa 12:00+ off";;;;;;;+33 2 40 14 48 34;44035;La Chapelle-sur-Erdre
-1.4379192;47.2685696001046;node/8009260732;pharmacy;;;;;;;;;;;;;44204;Thouaré-sur-Loire
-1.6541111;47.4145984000727;node/8010932785;clinic;LBM BIOMEDILAM;;;;;;;;;;;;44073;Héric
-1.5455267;47.182866200123;node/8032444221;clinic;Pôle médico-social Rezé-Pont-Rousseau;conseil départemental de Loire-atlantique;;;Du lundi au vendredi de 9h à 12h15 et de 14h à 17h15;;;;;;;;44143;Rezé
-1.5466283;47.1610794001276;node/8058592570;pharmacy;Pharmacie Océane;;;;;440016244;620;;;;53251965900017;+33240754899;44143;Rezé
-1.3488662;47.2378034001113;node/8077992750;pharmacy;Pharmacie Saint Jean;;;;;440015626;620;;;;75163693700011;+33240338016;44084;Le Loroux-Bottereau
-1.5262016;47.3409619000889;node/813859551;pharmacy;Pharmacie Centrale;;;;"Mo-Fr 08:45-13:00, 14:30-19:45; Sa 08:45-13:00, 14:30-19:00";440017226;;;;;;+33 2 40 77 70 16;44201;Sucé-sur-Erdre
-1.5289389;47.3441059000882;node/813865262;pharmacy;Pharmacie de l'Europe;;;;"Mo-Fr 08:45-20:00; Sa 08:45-19:00";440017218;;;;;;;44201;Sucé-sur-Erdre
-1.4969927;47.4406881000669;node/831051827;pharmacy;Pharmacie Pétard;;;;;440015782;;;;;41359319500022;+33 2 40 72 20 30;44110;Nort-sur-Erdre
-1.7135213;47.2142997001163;node/961353485;doctors;Pédicure-podologue-kinésithérapeute;;;;;;;;;;;;44047;Couëron
-1.5742343;47.2147606001162;node/983876516;pharmacy;Pharmacie de la place Canclaux;;;;"Mo-Fr 09:00-12:30,14:00-20:00; Sa 09:00-12:30,14:00-19:00";440013845;;;;;;+33 2 40 73 59 81;44109;Nantes
-1.5700828;47.2096434001173;node/983878571;pharmacy;Pharmacie Bodic;;;;"Mo-Fr 09:09-19:45, Sa 09:00-12:30,14:00-18:00";440017473;;;;;;+33 2 40 69 36 50;44109;Nantes
-1.48995536005531;47.2077289299985;relation/1021108;nursing_home;Ehpad Les Savarières;;;;;440002780;500;;;senior;77560545400021;+33240805529;44190;Saint-Sébastien-sur-Loire
-1.52881252537429;47.1496310203944;relation/1391577;nursing_home;Résidence La Sanglerie;;;;;440007458;500;;;senior;77560545400088;+33240044373;44198;Les Sorinières
-1.55055041476125;47.3025029767352;relation/2298818;nursing_home;Ehpad Le Ploreau;;;;;440003622;500;;;senior;78833544600027;+33240720010;44035;La Chapelle-sur-Erdre
-1.74135044686524;47.3254400647238;way/106691669;nursing_home;Ehpad Roche Maillard;;;;;440024644;500;;;senior;31274477400018;+33240571200;44217;Vigneux-de-Bretagne
-1.52256651871351;46.9861258740545;way/114699308;nursing_home;Les Glycines;;;;;850003856;500;;;senior;;;85262;Saint-Philbert-de-Bouaine
-1.49048871867884;47.2817757731978;way/129163871;nursing_home;Résidence Les Lys;;;;;440002327;500;;;senior;77560545400047;+33240508374;44026;Carquefou
-1.54922545057273;47.2981765778126;way/129564079;nursing_home;Ehpad Bel Air;;;;;440052793;500;;;senior;77560546200065;+33240297520;44035;La Chapelle-sur-Erdre
-1.60660160781836;47.2181329256712;way/134953476;pharmacy;Pharmacie de la Cremetterie;;;;;440016467;;;;;;+33 2 40 46 27 05;44162;Saint-Herblain
-1.6377102455732;47.2374931972727;way/135098582;hospital;Centre de Lutte contre le Cancer René Gauducheau;;;;;440001113;131;;;;;;44162;Saint-Herblain
-1.29144261933238;47.0918934154929;way/136988408;hospital;Hôpital Local Pierre Delaroche;;;;;440001964;106;;;;;;44043;Clisson
-1.2515855662787;47.077013464305;way/143995272;nursing_home;Les Trois Clochers;;;;;440007318;500;;;senior;31133740600012;+33251711800;44063;Gétigné
-1.71839412085419;47.1717672066831;way/144518881;doctors;Cabinet médical Jules Verne;;;;;;;;;;;;44024;Brains
-1.71871522041208;47.1712728209666;way/144519799;pharmacy;Pharmacie de Brains;;;;;440023984;;;;;;;44024;Brains
-1.68925020278798;47.1902282724401;way/153012382;nursing_home;Ehpad Bon Repos;;;;;440003069;500;;;senior;78835728300019;+33240657254;44101;La Montagne
-1.76083443387223;47.4731823251497;way/157251907;doctors;Maison médicale;;;;;;;;;;;;44015;Blain
-1.72389771498528;47.1965935900056;way/158644826;dentist;;;;;;;;;;;;;44166;Saint-Jean-de-Boiseau
-1.59256238464436;47.2208237727536;way/159922670;clinic;Centre Medico Psycho Pédagogique Henri Wallon;;;;;;;;;;;;44109;Nantes
-1.39364978387876;47.2943541598065;way/164748508;nursing_home;Ehpad Le Verger;;;;;440007466;500;;;senior;31142753800013;+33240255319;44094;Mauves-sur-Loire
-1.39410154946213;47.2975565892112;way/164750763;pharmacy;Pharmacie de Mauves;;;;"Mo-Fr 09:00-12:30,14:30-19:45;Sa 09:00-12:30,14:30-18:00";440015675;;;;;;+33 2 40 25 50 34;44094;Mauves-sur-Loire
-1.24093673584642;47.2638053290914;way/171284549;nursing_home;Résidence d'Orée;;;;;490002763;500;;;senior;;+33240987226;49069;Orée-d'Anjou
-1.17407175019449;47.3745116443516;way/171442836;doctors;Cabinet Médical - Médecins Généralistes;;;;;;;;;;;+33 2 40 83 14 58;44003;Ancenis-Saint-Géréon
-1.11478407655872;47.1786507496071;way/177712004;nursing_home;La Roseraie;;;;;490002748;500;;;senior;78616377400015;+33241752480;49023;Beaupréau-en-Mauges
-1.53596995646873;47.2079686182161;way/178470427;nursing_home;Résidence Île de Nantes;ORPEA;;;;440047694;500;8710A;;senior;;+33251179900;44109;Nantes
-1.79179986192178;47.3282874186309;way/188024115;pharmacy;Pharmacie Le Divellec-Maillet;;;;;440024198;;;;;;;44203;Le Temple-de-Bretagne
-1.57587024039467;47.2458224935612;way/203274451;hospital;Hôpital de jour Le Pont du Cens;;;;;440044394;;;;;;;44109;Nantes
-1.49684463962096;47.4386924558371;way/203659649;doctors;Cabinet Médical;;;;;;;;;;;;44110;Nort-sur-Erdre
-1.50060776166079;47.4432524158653;way/203659697;doctors;Cabinet Medical;;;;;;;;;;;;44110;Nort-sur-Erdre
-1.50227102850253;47.4442718143184;way/203659780;doctors;Cabinet Médical Cassiopée;;;;;;;;;;;+33 2 40722927;44110;Nort-sur-Erdre
-1.40815958799451;47.3609884936743;way/220375218;pharmacy;Pharmacie Hily;Eve Hily;;;"Mo-Fr 09:00-12:30,14:30-19:30; Sa 09:00-12:30";440016715;;;;;;+33 2 40 77 45 18;44179;Saint-Mars-du-Désert
-1.53503009957857;47.1832711074504;way/223863399;nursing_home;Maison de Retraite Cémavie;;;yes;;440047462;500;;;senior;;+33272653121;44143;Rezé
-1.46256365903782;47.2158871177999;way/223864266;nursing_home;Ehpad Moulin Soline;;;;;440030484;500;;;senior;38125803700013;+33240035074;44009;Basse-Goulaine
-1.94446850934809;47.3602067909443;way/224567010;pharmacy;Pharmacie Centrale;;;;;440017143;;;;;;;44195;Savenay
-1.94325142154412;47.3595893160753;way/224594200;pharmacy;;;;;;;;;;;;;44195;Savenay
-1.26434348473136;47.3375712572426;way/235689694;nursing_home;Ehpad Saint Louis;;;;;490002441;500;;;senior;20005618200021;+33240835210;49069;Orée-d'Anjou
-1.54385304422183;47.1736973156956;way/235902741;doctors;;;;;;;;;;;;;44143;Rezé
-1.5543470034911;47.1738332536012;way/235902797;nursing_home;Ehpad La Houssais;;;;;440002897;500;;;senior;50375715500091;+33240754579;44143;Rezé
-1.11349432571923;47.2831390257202;way/236923174;nursing_home;Ehpad Le Côteau;;;yes;;490002532;500;;;senior;78616241200013;+33241714200;49218;Montrevault-sur-Èvre
-1.18806117597688;47.2857981394621;way/238611964;nursing_home;Vives Alouettes;;;;;490540390;500;;;senior;;+33240837027;49069;Orée-d'Anjou
-1.34006105610896;47.1772166398514;way/244429838;doctors;;;;;;;;;;;;;44032;La Chapelle-Heulin
-1.34047188800645;47.1772573382618;way/244429839;pharmacy;Pharmacie Heulinoise;;;;;440015113;;;;;;;44032;La Chapelle-Heulin
-1.93908487341173;47.3562992935049;way/247861529;hospital;Centre Hospitalier de Savenay;;;;;440001295;;;;;;;44195;Savenay
-1.62610074278789;47.3324166284539;way/255323229;nursing_home;Les Sources du Verdet;;;;;440040467;500;;;senior;39830264600045;+33251770552;44209;Treillières
-1.79098987258743;47.4138287588732;way/261160102;nursing_home;Ehpad Saint Joseph;;;;;440003549;500;;;senior;77560546200321;+33240874632;44056;Fay-de-Bretagne
-1.57881469813129;47.1796695272644;way/278218377;hospital;Centre Hospitalier Georges Daumézon;;;;;440046001;292;;;;;;44020;Bouguenais
-1.51973324990653;47.2486038899132;way/28140971;hospital;Clinique Jules Verne;;;yes;;440029338;365;;;;;;44109;Nantes
-1.50140466367438;47.191639375596;way/29402291;hospital;Centre de Convalescence Mutualiste;;no;;;440000693;109;;;;;;44190;Saint-Sébastien-sur-Loire
-1.24321424877031;47.2373147160161;way/294295439;doctors;8h à 9h infirmiere /9h à 19h cabinet de kiné;;;;;;;;;;;;44141;La Remaudière
-1.53657917016041;47.1978395387577;way/30016749;hospital;C.H.U Saint-Jacques;;;;;440003291;;;;;;;44109;Nantes
-1.38760134872636;47.2545021023311;way/303677329;nursing_home;Ehpad Théophile Bretonnière;;;;;440002848;500;;;senior;;+33240541059;44169;Saint-Julien-de-Concelles
-1.63934732477639;47.2366428337868;way/30850910;hospital;Hôpital Nord Guillaume et René Laennec;établissement du CHU de Nantes;no;;;440017598;101;;;;;+33 3 32 08 33 33;44162;Saint-Herblain
-1.51851963243094;47.2495100423326;way/32669982;doctors;;;;;;;;;;;;;44109;Nantes
-1.66822681390088;47.260733416357;way/326706974;nursing_home;Ehpad L'Air du Temps;;;;;440048817;500;;;senior;77560546200495;+33228070000;44194;Sautron
-1.55053637679427;47.1617572812398;way/330090037;nursing_home;Les Jardins du Vert Praud;;;;;440002905;500;;;senior;78604291100028;+33228272900;44143;Rezé
-1.52521169992341;47.1854422556669;way/336911772;nursing_home;L'Hirondelle de Sèvres;;;;;440013316;500;;;senior;26440039100738;+33240042323;44109;Nantes
-1.589616051957;47.2086591553397;way/36846011;nursing_home;Ehpad du Bois Hercé;;;;;440027092;500;;;senior;78601200500025;+33240952201;44109;Nantes
-1.5280232166606;47.2089235750711;way/377997886;nursing_home;La Cerisaie;EMERA;;;;440041861;500;;;senior;;+33228441300;44109;Nantes
-1.82097290236421;46.9954388680678;way/379349176;hospital;Centre hospitalier Loire Vendée Océan;Centre hospitalier Loire Vendée Océan;;;;440000560;355;;;;;+33 2 40 78 44 00;44087;Machecoul-Saint-Même
-1.81917537063742;47.4654445318228;way/41866491;hospital;Centre Hospitalier Spécialisé de Blain;;no;yes;;440000180;292;;;;;+33 2 40 51 51 51;44015;Blain
-1.57640208609311;47.1238505826996;way/421172579;nursing_home;EPHAD La Roselière;;;;;440026839;500;;;senior;;+33240327272;44130;Pont-Saint-Martin
-1.23179937491629;47.0624666462724;way/423185917;hospital;La Chimotaie;MGEN;;;;850000399;109;;;;;;85076;Cugand
-1.25440190729416;47.0664857739201;way/428015030;pharmacy;Pharmacie Guiot;;;;"Mo-Sa 08:30-12:30,13:45-19:30";850014929;;;;;;;85076;Cugand
-1.60933347913123;47.2447653501205;way/445168497;doctors;Pôle santé social;;;;;;;;;;;;44162;Saint-Herblain
-1.41935490228565;47.1826169436679;way/449662651;nursing_home;Ehpad La Lande Saint Martin;;;;;440022960;500;;;senior;49270088500022;+33240549455;44071;Haute-Goulaine
-1.86226717164159;47.1798962765368;way/472673625;nursing_home;La providence;;;;;440003440;500;;;senior;78604419800020;+33240642323;44145;Rouans
-1.84589182972275;47.1942257242383;way/472673637;pharmacy;Pharmacie du Canal;;;;"Mo-Fr 09:00-12:15,14:30-19:15; Sa 09:00-12:45";440017424;;;;;;+33 2 40 64 28 55;44145;Rouans
-1.91523112392757;47.3706135383534;way/483405552;nursing_home;Maison de retraite des Tilleuls;;;;;440003465;500;;;senior;78597563200049;+33240583109;44195;Savenay
-1.86545340887847;47.1041135169934;way/48572221;nursing_home;Résidence Saint-André;;;;;440002863;500;;;senior;;+33240317065;44164;Saint-Hilaire-de-Chaléons
-1.56150513214066;47.2271346426337;way/491840882;hospital;Clinique du Parc;Ramsay Santé;no;;;440000800;161;;;;31097502400012;+33 2 51 86 07 00;44109;Nantes
-1.43775639321956;46.9708239312754;way/499969332;doctors;Pôle de Santé des Rives de l'Ognon;;;;;;;;;;;;44216;Vieillevigne
-1.57226114189503;47.2618547135576;way/504197154;nursing_home;Ehpad Le Parc de l'Amande;;;;;440047470;500;;;senior;77560546200487;+33228258710;44109;Nantes
-1.55367956240706;47.2103680205049;way/508983930;hospital;Hôtel Dieu;Centre Hospitalier Universitaire de Nantes;yes;;;440000271;101;;;;;+33 2 40 08 33 33;44109;Nantes
-1.59081590646065;47.224431275171;way/508984028;nursing_home;Résidence Renoir;;;;;440028900;500;;;senior;26440039100753;+33240734183;44109;Nantes
-1.54045588959706;47.1977962371807;way/53379457;nursing_home;Maison Pirmil;;;;;440047595;500;;;senior;26440013600703;+33240483333;44109;Nantes
-1.81738366578388;46.9985649291572;way/536854878;clinic;Laboratoire Analyse Médicale;;;;;;;;;;;;44087;Machecoul-Saint-Même
-1.54805563522197;47.1956033779729;way/53767749;hospital;Hôpital privé du Confluent;Groupe Confluent;yes;;;440041580;365;;;;;+33 2 28 25 50 00;44109;Nantes
-1.31024088295305;46.9803361887713;way/556015454;nursing_home;Résidence Agora;;;;;850026279;500;;22;senior;20007392200029;+33251315260;85146;Montaigu-Vendée
-1.17184591596819;47.374136188008;way/563964754;hospital;Centre Hospitalier Francis Robert;;yes;;;440000396;355;;;;;+33 2 40 09 44 00;44003;Ancenis-Saint-Géréon
-1.93790731320391;47.3667521580557;way/580396459;pharmacy;Pharmacie du Golfeur;;;;;440017150;;;;;;;44195;Savenay
-1.53367101034307;47.1801051268463;way/607797198;pharmacy;Pharmacie Parere;;;;;440016228;;;;;;;44143;Rezé
-1.26368328494587;47.1628227565846;way/612035872;nursing_home;Les Pampres Dorés;;;;;440002673;500;;;senior;77560546200081;+33240339122;44212;Vallet
-1.4907752414621;47.0972386952456;way/626650866;hospital;Etablissement médical;;;;;;;;;;;;44014;Le Bignon
-1.7575339641481;47.130866539972;way/632094572;doctors;Cabinet Médical;;;yes;;;;;;;;;44133;Port-Saint-Père
-1.66341206718266;47.2611239309277;way/63773048;pharmacy;Pharmacie du Cormier;;;;;440017127;;;;;;;44194;Sautron
-1.68921564587505;47.1416780259377;way/64619190;doctors;Maison de la Santé CAPS (Urgences Médicales);;;;;;;;;;;;44018;Bouaye
-1.52000361500957;47.1974297898107;way/65226447;nursing_home;Ehpad Le Muguet;;;;;440029544;500;;;senior;77560546200198;+33251710896;44190;Saint-Sébastien-sur-Loire
-1.54383203421553;47.1734984488109;way/665780190;doctors;;;;;;;;;;;;;44143;Rezé
-1.50340467551164;47.2374123344186;way/691968477;nursing_home;Ehpad Le Chambellan;;;;;440007276;500;;;senior;26440039100274;+33240496311;44109;Nantes
-1.81041469962242;47.1044631814573;way/71988245;nursing_home;Résidence Victor Ecomard;;;;;440002756;500;;;senior;30285826100027;+33240024055;44186;Sainte-Pazanne
-1.7563964586042;46.966076781737;way/72136897;doctors;Docteur Paul Herve;;;;;;;;;;;;44119;Paulx
-1.73772858065935;47.1047599516644;way/72398433;nursing_home;Résidence sainte Anne;EHPAD;;;;440002814;500;;;senior;;+33240315019;44178;Saint-Mars-de-Coutais
-1.47616609191716;47.2525722739884;way/727216766;clinic;;;;;;;;;;;;;44172;Sainte-Luce-sur-Loire
-1.87818761723362;47.1994420981792;way/72892701;doctors;Maison de santé;;;;;;;;;;;;44220;Vue
-1.84877550098287;47.1952903315175;way/73083342;dentist;;;;;;;;;;;;;44145;Rouans
-1.6097408562823;47.0927726375177;way/73470342;nursing_home;Résidence Saint Martin;;;;;440024610;500;;;senior;78835681400012;+33240313298;44041;La Chevrolière
-1.49343096734337;47.1783632651374;way/74083047;hospital;Hopital intercommunal Sèvre et Loire;;;;;440000883;;;;;;;44215;Vertou
-1.46459603019696;47.1692879601959;way/74127048;nursing_home;Ehpad Bel Air;;;;;440002715;500;;;senior;77560546200024;+33240343738;44215;Vertou
-1.52753918937658;47.2004318581075;way/74539588;nursing_home;Le Parc de Diane;;;;;440034338;500;;;senior;39405560200020;+33251795200;44109;Nantes
-1.57726519526532;47.2175169122906;way/74608746;clinic;clinique Jeanne d'arc;;;;;;;;;;;;44109;Nantes
-1.58368880658564;47.2207866699471;way/74610646;nursing_home;La Chezalière;;;;;440027118;500;;;senior;35269468100029;+33251847847;44109;Nantes
-1.58489098426812;47.2192645907637;way/74610784;nursing_home;Ehpad Saiinte Famille de Grillaud;;;;;440045607;500;;;senior;45100954200023;+33272227400;44109;Nantes
-1.54736544217687;47.2029325454108;way/74719819;nursing_home;Résidence de la Madeleine;;;;;440023190;500;;;senior;;+33240890100;44109;Nantes
-1.30592835475287;46.9777989824022;way/76083927;pharmacy;;Pharmacie Soulard Reculeau;;;;850015363;;;;;;;85146;Montaigu-Vendée
-1.32751869378243;47.0042009177838;way/76265890;nursing_home;;;;;;850022435;;;;senior;;;85146;Montaigu-Vendée
-1.75468970958541;47.2001642223004;way/76921232;nursing_home;Résidence Simon Ringeard;;;;;440003002;500;;;senior;;+33240046462;44120;Le Pellerin
-1.49153177077132;47.0975678807278;way/77410079;hospital;Etablissement médical;;;;;;;;;;;;44014;Le Bignon
-1.49215271783375;47.0616589561571;way/79186684;doctors;Cabinet médical;;;;;;;;;;;;44102;Montbert
-1.29882405183424;47.099115313219;way/79314979;nursing_home;Le Bon Vieux Temps;;;;;440024628;500;;;senior;78595804200018;+33240069171;44064;Gorges
-1.88064543601317;47.2930842051701;way/798637217;nursing_home;Ehpad Le Prieuré;;;;;440012086;500;;;senior;31344713800030;+33240577198;44045;Cordemais
-1.26901919600323;47.1566849728482;way/80163162;doctors;Duhen Mayadoux Mielle;;;;;;;;;;;+33240801520;44212;Vallet
-1.26627118735318;47.1640803919743;way/80166675;doctors;Cabinet Médical;;;;;;;;;;;;44212;Vallet
-1.26964145291365;47.1665826922043;way/80168729;pharmacy;Pharmacie Dabin;;;;"Mo-Fr 09:00-12:30,14:00-19:30;Sa 09:00-12:30,14:00-18:00";440031466;;;;;;+33240363655;44212;Vallet
-1.72386687242076;47.1980978966899;way/812556657;nursing_home;Ehpad La Tour du Pé;;;;;440007441;500;;;senior;77560545400070;+33240657042;44166;Saint-Jean-de-Boiseau
-1.63463442469188;47.2663591567159;way/812561697;nursing_home;Ehpad Émile Gibier;;;;;440047611;500;;;senior;77560546200586;+33240634013;44114;Orvault
-1.65587065113572;47.2080200889946;way/812561698;nursing_home;Ehpad La Bourgonnière;;;;;440002855;500;;;senior;77560592600010;+33240860035;44162;Saint-Herblain
-1.58507229108425;47.2205164224225;way/812573493;nursing_home;Le Repos de Procé;;;;;440009447;500;;;senior;77560546200057;+33240952959;44109;Nantes
-1.4243795741509;47.2855867685201;way/812589840;nursing_home;Ehpad Saint Gabriel;;;;;440044485;500;;;senior;44062647100013;+33251859765;44204;Thouaré-sur-Loire
-1.44056078742195;47.2704457023249;way/812589844;nursing_home;Ehpad Léontine Vie;;;;;440049302;500;;;senior;77560546200552;+33240726340;44204;Thouaré-sur-Loire
-1.3435909838284;47.2711337738225;way/812611533;nursing_home;Le Clos du Moulin;;;;;440003093;500;;;senior;78593780600020;+33240333280;44029;Divatte-sur-Loire
-1.38676348243724;47.2526336258819;way/81999943;doctors;;;;;;;;;;;;;44169;Saint-Julien-de-Concelles
-1.51821024999852;47.2559028501201;way/82532630;doctors;;;;no;;;;;;;;;44109;Nantes
-1.53132105678491;47.2527725203122;way/82542966;nursing_home;Ehpad Le Ranzay;Korian;;;;440009439;500;;;senior;34117411800792;+33251898383;44109;Nantes
-1.52941793220599;47.2544311875705;way/82543699;doctors;;;;;;;;;;;;;44109;Nantes
-1.55787249976293;47.252161261291;way/82559389;nursing_home;La Guilbourderie;;;;;440002954;500;;;senior;32672822700017;+33240672099;44109;Nantes
-1.51706497723955;47.2369171160337;way/82638518;nursing_home;Ehpad Bois Robillard;Korian;;;;440042612;500;;;senior;34117411800446;+33251894000;44109;Nantes
-1.53751857999899;47.2412106098006;way/82973838;doctors;;;;;;;;;;;;;44109;Nantes
-1.52468997040055;47.2314783144439;way/83198853;nursing_home;Ehpad La Haute Mitrie;;;;;440046134;500;;;senior;26440039100605;+33240522792;44109;Nantes
-1.53098288882384;47.2329278232089;way/83199741;nursing_home;L'Enchanterie;;;;;440044717;500;;;senior;77560546200404;+33251830997;44109;Nantes
-1.52318250782133;47.2223956871688;way/83727131;hospital;Hôpital Bellier;;;;;440000453;;;;;;;44109;Nantes
-1.54501676868023;47.2293937484559;way/83866803;nursing_home;Maison de retraite du Bon Pasteur;;;;;440009462;500;;;senior;;+33240743731;44109;Nantes
-1.54282218088267;47.1873856995782;way/84144342;nursing_home;Ehpad Saint Paul;;;;;440002889;500;;;senior;78604292900020;+33240323865;44143;Rezé
-1.55829815000085;47.1801049001367;way/84699877;doctors;;;;;;;;;;;;;44143;Rezé
-1.56308457014521;47.1877729824373;way/84702368;nursing_home;Ehpad Mauperthuis;;;;;440002913;500;;;senior;82067336600010;+33240754992;44143;Rezé
-1.55864894303673;47.17936146702;way/84707099;pharmacy;Pharmacie croix de Rezé;;;;"Mo-Fr 09:00-12:30, 14:00-19:30; Sa 09:00-12:30,14:00-19:00";440016871;;;;;;+33 2 40 75 49 00;44143;Rezé
-1.56185385282334;47.1872027741061;way/84710371;nursing_home;Ehpad Alexandre Plancher;;;;;440026847;500;;;senior;82067336600010;+33240782525;44143;Rezé
-1.72291644260997;47.2135493729583;way/84907838;doctors;;;;;;;;;;;;;44047;Couëron
-1.72320691340658;47.2135914920711;way/84932429;dentist;;;;;;;;;;;;;44047;Couëron
-1.72582430232306;47.2138179954784;way/84941430;dentist;;;;;;;;;;;;;44047;Couëron
-1.54614967489345;47.2138545946686;way/85439020;pharmacy;Pharmacie des Congrès;;;;"Mo-Fr 09:00-14:00,15:00-19:30; Sa 09:30-13:00";440013993;;;;;;+33 2 40 47 66 32;44109;Nantes
-1.56436047864372;47.23070925495;way/85534628;doctors;Cabinet d'Ostéopathie Nantes-Bellamy;;;yes;;;;;;;;+33 2 51 88 92 93;44109;Nantes
-1.73223749922321;47.2132501756913;way/85848460;nursing_home;Résidence La Grange;;;;;440002053;500;;;senior;78594779700011;+33240383814;44047;Couëron
-1.58724973176963;47.1849410345457;way/89769072;dentist;;;;;;;;;;;;;44020;Bouguenais
-1.58713470565329;47.1802770836274;way/89772574;pharmacy;Pharmacie de La Chapelle;;;;;440014991;;;;;;;44020;Bouguenais
-1.58591403013386;47.1813291110751;way/89778004;doctors;;;;;;;;;;;;;44020;Bouguenais
-1.60604767138389;47.2511780509545;way/95731017;pharmacy;Pharmacie de la Cholière;;;yes;"Mo-Fr 09:00-12:15,14:00-19:30; Sa 09:00-12:30,14:00-17:00";440015899;;;;;;;44114;Orvault
-1.44442316252502;47.2169857166734;way/96267664;nursing_home;EHPAD Les Glénans;;;;;440017747;500;;40;senior;;+33240035657;44071;Haute-Goulaine
-1.52992206442962;47.1494040391725;way/96629818;doctors;;;;;;;;;;;;;44198;Les Sorinières
-1.57925783428164;47.5014080086498;way/97441872;pharmacy;Pharmacie Vallée;;;;;440016343;;;;;;+33 2 40 77 26 12;44149;Saffré
-1.7775560934786;47.2747019962181;way/98535919;nursing_home;Résidence du Sillon;;;;;440003572;500;;;senior;;+33240869072;44158;Saint-Étienne-de-Montluc
